transaction_id,customer_id,date,amount_ngn,channel
TXN00001,CUST0001,2026-08-04,710.0,USSD
TXN00002,CUST0001,2026-07-25,690.0,Mobile App
TXN00003,CUST0001,2026-07-04,720.0,Mobile App
TXN00004,CUST0001,2026-06-15,840.0,Agent/POS
TXN00005,CUST0001,2026-05-12,660.0,Agent/POS
TXN00006,CUST0001,2026-04-20,890.0,USSD
TXN00007,CUST0001,2026-03-28,990.0,Recharge Card
TXN00008,CUST0001,2026-03-01,660.0,USSD
TXN00009,CUST0001,2026-01-27,960.0,Agent/POS
TXN00010,CUST0002,2026-08-04,490.0,Mobile App
TXN00011,CUST0002,2026-07-18,550.0,Mobile App
TXN00012,CUST0002,2026-06-30,520.0,Agent/POS
TXN00013,CUST0002,2026-06-07,410.0,USSD
TXN00014,CUST0002,2026-05-13,580.0,Bank Transfer
TXN00015,CUST0002,2026-05-03,530.0,Agent/POS
TXN00016,CUST0002,2026-04-11,430.0,Mobile App
TXN00017,CUST0002,2026-03-22,530.0,USSD
TXN00018,CUST0002,2026-02-19,470.0,Mobile App
TXN00019,CUST0003,2026-08-14,450.0,Mobile App
TXN00020,CUST0003,2026-07-21,430.0,Bank Transfer
TXN00021,CUST0003,2026-07-07,550.0,Agent/POS
TXN00022,CUST0003,2026-06-08,600.0,Mobile App
TXN00023,CUST0003,2026-05-12,420.0,Agent/POS
TXN00024,CUST0003,2026-05-02,550.0,Agent/POS
TXN00025,CUST0003,2026-04-10,510.0,USSD
TXN00026,CUST0003,2026-03-13,470.0,Mobile App
TXN00027,CUST0003,2026-02-13,560.0,Agent/POS
TXN00028,CUST0003,2026-01-13,490.0,Recharge Card
TXN00029,CUST0003,2026-01-03,550.0,USSD
TXN00030,CUST0004,2026-08-15,440.0,USSD
TXN00031,CUST0004,2026-07-22,430.0,USSD
TXN00032,CUST0004,2026-07-07,430.0,Bank Transfer
TXN00033,CUST0004,2026-06-26,400.0,Agent/POS
TXN00034,CUST0004,2026-06-08,480.0,Recharge Card
TXN00035,CUST0004,2026-05-17,410.0,Mobile App
TXN00036,CUST0004,2026-04-27,620.0,Bank Transfer
TXN00037,CUST0004,2026-04-11,580.0,USSD
TXN00038,CUST0004,2026-03-18,430.0,Agent/POS
TXN00039,CUST0004,2026-02-26,610.0,Agent/POS
TXN00040,CUST0004,2026-02-06,520.0,USSD
TXN00041,CUST0004,2026-01-03,570.0,USSD
TXN00042,CUST0005,2026-08-11,530.0,USSD
TXN00043,CUST0005,2026-07-08,430.0,Agent/POS
TXN00044,CUST0005,2026-06-15,470.0,Agent/POS
TXN00045,CUST0005,2026-05-28,440.0,Mobile App
TXN00046,CUST0005,2026-05-16,530.0,USSD
TXN00047,CUST0005,2026-04-21,480.0,USSD
TXN00048,CUST0005,2026-04-11,420.0,Recharge Card
TXN00049,CUST0005,2026-03-09,480.0,Bank Transfer
TXN00050,CUST0005,2026-02-10,460.0,Agent/POS
TXN00051,CUST0005,2026-01-30,590.0,Agent/POS
TXN00052,CUST0005,2026-01-09,520.0,Mobile App
TXN00053,CUST0006,2026-07-30,4860.0,Recharge Card
TXN00054,CUST0006,2026-07-19,3450.0,Agent/POS
TXN00055,CUST0006,2026-06-15,5080.0,USSD
TXN00056,CUST0006,2026-06-05,3330.0,Agent/POS
TXN00057,CUST0006,2026-05-19,4350.0,Bank Transfer
TXN00058,CUST0006,2026-05-03,3480.0,Agent/POS
TXN00059,CUST0006,2026-04-23,3600.0,USSD
TXN00060,CUST0007,2026-08-12,1700.0,Agent/POS
TXN00061,CUST0007,2026-07-29,1470.0,Bank Transfer
TXN00062,CUST0007,2026-07-04,1490.0,Bank Transfer
TXN00063,CUST0007,2026-06-03,1530.0,Mobile App
TXN00064,CUST0007,2026-05-21,1550.0,Mobile App
TXN00065,CUST0007,2026-04-23,1760.0,Mobile App
TXN00066,CUST0007,2026-04-07,1370.0,Bank Transfer
TXN00067,CUST0007,2026-03-14,1490.0,Agent/POS
TXN00068,CUST0008,2026-04-29,860.0,Recharge Card
TXN00069,CUST0008,2026-04-14,1110.0,Mobile App
TXN00070,CUST0009,2026-08-14,1670.0,Agent/POS
TXN00071,CUST0009,2026-07-26,1870.0,Agent/POS
TXN00072,CUST0009,2026-07-13,1310.0,Mobile App
TXN00073,CUST0009,2026-06-15,1390.0,Agent/POS
TXN00074,CUST0009,2026-06-05,1230.0,Agent/POS
TXN00075,CUST0009,2026-05-17,1770.0,Bank Transfer
TXN00076,CUST0009,2026-04-19,1460.0,Bank Transfer
TXN00077,CUST0010,2026-08-07,1300.0,Mobile App
TXN00078,CUST0010,2026-07-06,1800.0,USSD
TXN00079,CUST0010,2026-06-20,1370.0,Agent/POS
TXN00080,CUST0010,2026-06-08,1740.0,Agent/POS
TXN00081,CUST0010,2026-05-11,1720.0,Agent/POS
TXN00082,CUST0010,2026-04-09,1390.0,Mobile App
TXN00083,CUST0010,2026-03-10,1340.0,Bank Transfer
TXN00084,CUST0010,2026-02-21,1640.0,Mobile App
TXN00085,CUST0010,2026-02-08,1550.0,Recharge Card
TXN00086,CUST0010,2026-01-07,1320.0,Agent/POS
TXN00087,CUST0011,2026-08-01,810.0,Bank Transfer
TXN00088,CUST0011,2026-06-27,1270.0,Agent/POS
TXN00089,CUST0011,2026-06-16,1150.0,Recharge Card
TXN00090,CUST0011,2026-05-26,1150.0,USSD
TXN00091,CUST0011,2026-04-29,1090.0,Agent/POS
TXN00092,CUST0011,2026-04-06,1010.0,Agent/POS
TXN00093,CUST0011,2026-03-06,1270.0,Recharge Card
TXN00094,CUST0012,2026-08-17,390.0,Bank Transfer
TXN00095,CUST0012,2026-07-22,260.0,Recharge Card
TXN00096,CUST0012,2026-06-22,370.0,Mobile App
TXN00097,CUST0012,2026-06-02,330.0,Mobile App
TXN00098,CUST0012,2026-05-23,250.0,Mobile App
TXN00099,CUST0012,2026-04-30,360.0,USSD
TXN00100,CUST0012,2026-04-05,290.0,Mobile App
TXN00101,CUST0012,2026-03-23,320.0,Bank Transfer
TXN00102,CUST0012,2026-02-28,290.0,Mobile App
TXN00103,CUST0012,2026-02-07,350.0,Mobile App
TXN00104,CUST0012,2026-01-08,270.0,Mobile App
TXN00105,CUST0013,2026-08-15,310.0,Mobile App
TXN00106,CUST0013,2026-07-23,380.0,Mobile App
TXN00107,CUST0013,2026-07-08,330.0,Agent/POS
TXN00108,CUST0013,2026-06-05,240.0,Agent/POS
TXN00109,CUST0013,2026-05-10,270.0,Recharge Card
TXN00110,CUST0013,2026-04-10,260.0,Mobile App
TXN00111,CUST0013,2026-03-23,250.0,Recharge Card
TXN00112,CUST0013,2026-02-22,320.0,Agent/POS
TXN00113,CUST0013,2026-01-18,250.0,Agent/POS
TXN00114,CUST0014,2026-08-01,2260.0,USSD
TXN00115,CUST0014,2026-07-14,2050.0,Mobile App
TXN00116,CUST0014,2026-06-24,2710.0,USSD
TXN00117,CUST0014,2026-06-07,2970.0,Mobile App
TXN00118,CUST0014,2026-05-26,2660.0,Mobile App
TXN00119,CUST0014,2026-05-08,2500.0,Agent/POS
TXN00120,CUST0014,2026-04-14,2190.0,USSD
TXN00121,CUST0014,2026-03-28,3080.0,Recharge Card
TXN00122,CUST0014,2026-02-22,2470.0,USSD
TXN00123,CUST0014,2026-01-29,2800.0,Mobile App
TXN00124,CUST0014,2026-01-01,2030.0,USSD
TXN00125,CUST0015,2026-07-09,810.0,USSD
TXN00126,CUST0015,2026-06-29,920.0,Agent/POS
TXN00127,CUST0015,2026-06-04,810.0,USSD
TXN00128,CUST0015,2026-05-15,1200.0,USSD
TXN00129,CUST0015,2026-04-30,1130.0,USSD
TXN00130,CUST0016,2026-08-13,580.0,Bank Transfer
TXN00131,CUST0016,2026-07-23,610.0,Mobile App
TXN00132,CUST0016,2026-06-18,570.0,USSD
TXN00133,CUST0016,2026-05-31,470.0,Bank Transfer
TXN00134,CUST0016,2026-05-11,400.0,USSD
TXN00135,CUST0016,2026-04-23,450.0,USSD
TXN00136,CUST0016,2026-03-25,450.0,Agent/POS
TXN00137,CUST0016,2026-02-21,510.0,Bank Transfer
TXN00138,CUST0016,2026-02-03,600.0,Mobile App
TXN00139,CUST0016,2026-01-07,460.0,Mobile App
TXN00140,CUST0017,2026-08-12,890.0,Mobile App
TXN00141,CUST0017,2026-07-10,860.0,Mobile App
TXN00142,CUST0017,2026-06-17,760.0,Recharge Card
TXN00143,CUST0017,2026-05-23,950.0,USSD
TXN00144,CUST0017,2026-04-26,990.0,Mobile App
TXN00145,CUST0017,2026-03-23,1000.0,Agent/POS
TXN00146,CUST0017,2026-03-06,810.0,USSD
TXN00147,CUST0018,2026-07-30,1120.0,USSD
TXN00148,CUST0018,2026-06-28,870.0,Bank Transfer
TXN00149,CUST0018,2026-06-03,1290.0,Agent/POS
TXN00150,CUST0018,2026-05-10,890.0,USSD
TXN00151,CUST0018,2026-04-05,810.0,Bank Transfer
TXN00152,CUST0018,2026-03-26,860.0,Agent/POS
TXN00153,CUST0018,2026-03-14,940.0,Agent/POS
TXN00154,CUST0018,2026-02-23,1130.0,Bank Transfer
TXN00155,CUST0018,2026-02-06,900.0,USSD
TXN00156,CUST0018,2026-01-15,870.0,Bank Transfer
TXN00157,CUST0019,2026-04-16,1100.0,Agent/POS
TXN00158,CUST0019,2026-03-20,890.0,Bank Transfer
TXN00159,CUST0020,2026-08-08,530.0,USSD
TXN00160,CUST0020,2026-07-16,440.0,Agent/POS
TXN00161,CUST0020,2026-06-13,420.0,Agent/POS
TXN00162,CUST0020,2026-05-17,460.0,Mobile App
TXN00163,CUST0020,2026-04-27,470.0,Mobile App
TXN00164,CUST0020,2026-04-06,580.0,USSD
TXN00165,CUST0020,2026-03-05,540.0,Mobile App
TXN00166,CUST0020,2026-02-09,570.0,Recharge Card
TXN00167,CUST0020,2026-01-22,580.0,USSD
TXN00168,CUST0020,2026-01-03,410.0,USSD
TXN00169,CUST0021,2026-08-09,310.0,Agent/POS
TXN00170,CUST0021,2026-07-27,290.0,Agent/POS
TXN00171,CUST0021,2026-06-24,260.0,USSD
TXN00172,CUST0021,2026-05-28,350.0,Mobile App
TXN00173,CUST0021,2026-04-24,340.0,Mobile App
TXN00174,CUST0021,2026-03-23,280.0,Bank Transfer
TXN00175,CUST0021,2026-03-08,360.0,Agent/POS
TXN00176,CUST0021,2026-02-20,280.0,Agent/POS
TXN00177,CUST0021,2026-02-04,290.0,USSD
TXN00178,CUST0022,2026-05-11,610.0,Mobile App
TXN00179,CUST0022,2026-04-08,430.0,Agent/POS
TXN00180,CUST0022,2026-03-11,590.0,Agent/POS
TXN00181,CUST0023,2026-06-30,1150.0,Bank Transfer
TXN00182,CUST0023,2026-06-11,920.0,Mobile App
TXN00183,CUST0023,2026-05-29,910.0,Recharge Card
TXN00184,CUST0023,2026-05-13,1270.0,USSD
TXN00185,CUST0023,2026-04-24,1150.0,Recharge Card
TXN00186,CUST0023,2026-04-07,890.0,Agent/POS
TXN00187,CUST0024,2026-05-24,340.0,USSD
TXN00188,CUST0024,2026-05-05,380.0,Recharge Card
TXN00189,CUST0025,2026-04-08,1230.0,Bank Transfer
TXN00190,CUST0026,2026-08-11,1230.0,Agent/POS
TXN00191,CUST0026,2026-07-31,1370.0,USSD
TXN00192,CUST0026,2026-07-20,1260.0,Agent/POS
TXN00193,CUST0026,2026-06-23,1450.0,Agent/POS
TXN00194,CUST0026,2026-06-04,1250.0,Mobile App
TXN00195,CUST0026,2026-05-03,1600.0,Agent/POS
TXN00196,CUST0026,2026-04-19,1440.0,Agent/POS
TXN00197,CUST0026,2026-03-20,1860.0,Agent/POS
TXN00198,CUST0027,2026-08-16,590.0,USSD
TXN00199,CUST0027,2026-08-06,590.0,Agent/POS
TXN00200,CUST0027,2026-07-09,610.0,Agent/POS
TXN00201,CUST0027,2026-06-20,620.0,Mobile App
TXN00202,CUST0027,2026-05-26,570.0,Mobile App
TXN00203,CUST0027,2026-05-01,500.0,Agent/POS
TXN00204,CUST0027,2026-04-07,590.0,Recharge Card
TXN00205,CUST0027,2026-03-18,570.0,Mobile App
TXN00206,CUST0027,2026-03-03,490.0,Agent/POS
TXN00207,CUST0027,2026-02-20,440.0,USSD
TXN00208,CUST0027,2026-02-02,470.0,USSD
TXN00209,CUST0027,2026-01-08,460.0,USSD
TXN00210,CUST0028,2026-08-07,620.0,Mobile App
TXN00211,CUST0028,2026-07-13,480.0,Agent/POS
TXN00212,CUST0028,2026-07-01,440.0,Recharge Card
TXN00213,CUST0028,2026-06-03,570.0,USSD
TXN00214,CUST0028,2026-05-04,480.0,Bank Transfer
TXN00215,CUST0028,2026-04-03,610.0,Mobile App
TXN00216,CUST0028,2026-03-23,530.0,USSD
TXN00217,CUST0029,2026-05-27,640.0,Agent/POS
TXN00218,CUST0030,2026-08-17,920.0,USSD
TXN00219,CUST0030,2026-07-31,910.0,USSD
TXN00220,CUST0030,2026-07-18,1190.0,Mobile App
TXN00221,CUST0030,2026-06-21,830.0,Recharge Card
TXN00222,CUST0030,2026-05-18,1240.0,Recharge Card
TXN00223,CUST0030,2026-04-25,1300.0,USSD
TXN00224,CUST0030,2026-03-27,1000.0,Agent/POS
TXN00225,CUST0030,2026-02-26,1150.0,USSD
TXN00226,CUST0030,2026-01-22,1210.0,USSD
TXN00227,CUST0031,2026-08-03,1100.0,Agent/POS
TXN00228,CUST0031,2026-07-12,850.0,Bank Transfer
TXN00229,CUST0031,2026-06-18,930.0,USSD
TXN00230,CUST0031,2026-05-25,1240.0,Recharge Card
TXN00231,CUST0031,2026-05-06,1230.0,Bank Transfer
TXN00232,CUST0031,2026-04-08,1130.0,Agent/POS
TXN00233,CUST0031,2026-03-16,840.0,Mobile App
TXN00234,CUST0031,2026-02-25,990.0,USSD
TXN00235,CUST0031,2026-01-28,1160.0,Mobile App
TXN00236,CUST0032,2026-07-31,570.0,USSD
TXN00237,CUST0032,2026-06-28,610.0,Mobile App
TXN00238,CUST0032,2026-06-15,520.0,Agent/POS
TXN00239,CUST0032,2026-05-12,610.0,Mobile App
TXN00240,CUST0032,2026-04-26,570.0,Agent/POS
TXN00241,CUST0032,2026-03-27,470.0,Bank Transfer
TXN00242,CUST0033,2026-07-11,1230.0,Bank Transfer
TXN00243,CUST0033,2026-06-10,1150.0,Bank Transfer
TXN00244,CUST0033,2026-05-29,1150.0,Agent/POS
TXN00245,CUST0034,2026-08-12,1320.0,Bank Transfer
TXN00246,CUST0034,2026-07-28,1850.0,USSD
TXN00247,CUST0034,2026-07-01,1820.0,USSD
TXN00248,CUST0034,2026-06-19,1450.0,Agent/POS
TXN00249,CUST0034,2026-06-04,1320.0,Bank Transfer
TXN00250,CUST0034,2026-05-25,1820.0,Mobile App
TXN00251,CUST0034,2026-05-02,1200.0,USSD
TXN00252,CUST0034,2026-04-08,1660.0,Recharge Card
TXN00253,CUST0035,2026-08-10,890.0,Agent/POS
TXN00254,CUST0035,2026-07-30,950.0,USSD
TXN00255,CUST0035,2026-07-13,940.0,Agent/POS
TXN00256,CUST0035,2026-06-24,1030.0,Mobile App
TXN00257,CUST0035,2026-05-23,890.0,Recharge Card
TXN00258,CUST0035,2026-05-04,680.0,Recharge Card
TXN00259,CUST0035,2026-04-02,920.0,USSD
TXN00260,CUST0035,2026-03-09,760.0,Agent/POS
TXN00261,CUST0035,2026-02-25,670.0,Agent/POS
TXN00262,CUST0035,2026-01-25,780.0,Agent/POS
TXN00263,CUST0035,2026-01-08,660.0,Bank Transfer
TXN00264,CUST0036,2026-04-22,4110.0,USSD
TXN00265,CUST0037,2026-07-02,240.0,Mobile App
TXN00266,CUST0037,2026-06-15,310.0,Agent/POS
TXN00267,CUST0038,2026-07-11,470.0,Recharge Card
TXN00268,CUST0038,2026-06-27,510.0,Mobile App
TXN00269,CUST0038,2026-06-15,440.0,Agent/POS
TXN00270,CUST0039,2026-07-14,420.0,Agent/POS
TXN00271,CUST0039,2026-06-09,560.0,USSD
TXN00272,CUST0040,2026-03-31,300.0,Recharge Card
TXN00273,CUST0040,2026-02-26,300.0,Agent/POS
TXN00274,CUST0041,2026-08-05,650.0,Mobile App
TXN00275,CUST0041,2026-07-23,620.0,USSD
TXN00276,CUST0041,2026-06-29,450.0,USSD
TXN00277,CUST0041,2026-05-28,560.0,Mobile App
TXN00278,CUST0041,2026-05-09,620.0,Mobile App
TXN00279,CUST0041,2026-04-07,640.0,USSD
TXN00280,CUST0041,2026-03-16,620.0,Agent/POS
TXN00281,CUST0041,2026-02-26,590.0,Bank Transfer
TXN00282,CUST0041,2026-01-31,590.0,Agent/POS
TXN00283,CUST0041,2026-01-04,430.0,USSD
TXN00284,CUST0042,2026-04-20,1200.0,Mobile App
TXN00285,CUST0042,2026-04-08,860.0,USSD
TXN00286,CUST0042,2026-03-10,1140.0,Mobile App
TXN00287,CUST0043,2026-08-06,830.0,Agent/POS
TXN00288,CUST0043,2026-07-04,930.0,Agent/POS
TXN00289,CUST0043,2026-06-14,960.0,Mobile App
TXN00290,CUST0043,2026-05-16,810.0,USSD
TXN00291,CUST0043,2026-04-28,1000.0,Mobile App
TXN00292,CUST0043,2026-04-18,1100.0,USSD
TXN00293,CUST0044,2026-07-12,2970.0,USSD
TXN00294,CUST0044,2026-06-11,2600.0,USSD
TXN00295,CUST0045,2026-08-11,3050.0,Mobile App
TXN00296,CUST0045,2026-07-14,3880.0,Agent/POS
TXN00297,CUST0045,2026-07-03,3780.0,USSD
TXN00298,CUST0045,2026-05-30,3370.0,Mobile App
TXN00299,CUST0045,2026-04-26,2950.0,Mobile App
TXN00300,CUST0045,2026-04-11,2860.0,USSD
TXN00301,CUST0046,2026-08-03,330.0,Agent/POS
TXN00302,CUST0046,2026-07-04,360.0,USSD
TXN00303,CUST0046,2026-06-10,270.0,USSD
TXN00304,CUST0046,2026-05-23,340.0,Agent/POS
TXN00305,CUST0046,2026-05-08,240.0,Recharge Card
TXN00306,CUST0046,2026-04-10,250.0,Agent/POS
TXN00307,CUST0046,2026-03-18,350.0,Bank Transfer
TXN00308,CUST0046,2026-02-16,350.0,Bank Transfer
TXN00309,CUST0046,2026-01-22,290.0,Bank Transfer
TXN00310,CUST0046,2026-01-10,250.0,Bank Transfer
TXN00311,CUST0047,2026-08-09,1540.0,Agent/POS
TXN00312,CUST0047,2026-07-09,1590.0,Agent/POS
TXN00313,CUST0047,2026-06-26,1260.0,USSD
TXN00314,CUST0047,2026-06-11,1390.0,USSD
TXN00315,CUST0047,2026-05-22,1850.0,USSD
TXN00316,CUST0047,2026-04-29,1930.0,Mobile App
TXN00317,CUST0047,2026-03-28,1340.0,Agent/POS
TXN00318,CUST0047,2026-03-03,1690.0,Mobile App
TXN00319,CUST0047,2026-02-12,1620.0,Agent/POS
TXN00320,CUST0047,2026-01-12,1370.0,Recharge Card
TXN00321,CUST0048,2026-04-18,900.0,Agent/POS
TXN00322,CUST0049,2026-08-09,280.0,Mobile App
TXN00323,CUST0049,2026-07-22,370.0,Agent/POS
TXN00324,CUST0049,2026-07-02,350.0,Mobile App
TXN00325,CUST0049,2026-06-19,290.0,Mobile App
TXN00326,CUST0049,2026-05-16,390.0,USSD
TXN00327,CUST0049,2026-04-24,370.0,Agent/POS
TXN00328,CUST0049,2026-03-29,310.0,Agent/POS
TXN00329,CUST0050,2026-08-02,3130.0,Mobile App
TXN00330,CUST0050,2026-07-09,2350.0,Agent/POS
TXN00331,CUST0050,2026-06-16,3140.0,USSD
TXN00332,CUST0050,2026-06-05,2780.0,Agent/POS
TXN00333,CUST0050,2026-05-20,2920.0,USSD
TXN00334,CUST0050,2026-04-24,2890.0,Bank Transfer
TXN00335,CUST0051,2026-07-31,640.0,USSD
TXN00336,CUST0051,2026-06-27,610.0,Mobile App
TXN00337,CUST0051,2026-06-02,460.0,Bank Transfer
TXN00338,CUST0051,2026-05-03,510.0,Mobile App
TXN00339,CUST0051,2026-04-09,490.0,Agent/POS
TXN00340,CUST0051,2026-03-06,440.0,Mobile App
TXN00341,CUST0051,2026-02-23,640.0,USSD
TXN00342,CUST0051,2026-02-07,560.0,Mobile App
TXN00343,CUST0051,2026-01-20,590.0,USSD
TXN00344,CUST0052,2026-04-20,920.0,USSD
TXN00345,CUST0052,2026-03-19,880.0,Mobile App
TXN00346,CUST0053,2026-08-16,1520.0,USSD
TXN00347,CUST0053,2026-08-06,1660.0,Agent/POS
TXN00348,CUST0053,2026-07-07,1330.0,USSD
TXN00349,CUST0053,2026-06-08,1230.0,Agent/POS
TXN00350,CUST0053,2026-05-04,1700.0,Mobile App
TXN00351,CUST0053,2026-04-17,1830.0,Bank Transfer
TXN00352,CUST0053,2026-03-16,1640.0,Bank Transfer
TXN00353,CUST0053,2026-03-01,1350.0,USSD
TXN00354,CUST0053,2026-02-10,1400.0,USSD
TXN00355,CUST0053,2026-01-14,1600.0,Recharge Card
TXN00356,CUST0053,2026-01-04,1230.0,USSD
TXN00357,CUST0054,2026-08-12,2400.0,Mobile App
TXN00358,CUST0054,2026-07-30,2050.0,USSD
TXN00359,CUST0054,2026-07-06,3230.0,Recharge Card
TXN00360,CUST0054,2026-06-23,2010.0,Recharge Card
TXN00361,CUST0054,2026-05-24,2800.0,Bank Transfer
TXN00362,CUST0054,2026-05-10,2570.0,Mobile App
TXN00363,CUST0054,2026-04-15,2610.0,Agent/POS
TXN00364,CUST0055,2026-08-03,290.0,Agent/POS
TXN00365,CUST0055,2026-07-02,270.0,Agent/POS
TXN00366,CUST0055,2026-06-14,390.0,USSD
TXN00367,CUST0055,2026-05-22,340.0,Mobile App
TXN00368,CUST0055,2026-04-27,370.0,USSD
TXN00369,CUST0055,2026-04-02,340.0,Bank Transfer
TXN00370,CUST0055,2026-03-16,380.0,Agent/POS
TXN00371,CUST0055,2026-02-20,310.0,Agent/POS
TXN00372,CUST0055,2026-01-24,370.0,Agent/POS
TXN00373,CUST0055,2026-01-10,240.0,Recharge Card
TXN00374,CUST0056,2026-07-13,910.0,Agent/POS
TXN00375,CUST0056,2026-06-14,1000.0,Agent/POS
TXN00376,CUST0056,2026-05-19,850.0,Agent/POS
TXN00377,CUST0056,2026-04-16,1300.0,USSD
TXN00378,CUST0056,2026-04-02,1290.0,Mobile App
TXN00379,CUST0057,2026-05-11,1630.0,Agent/POS
TXN00380,CUST0058,2026-05-03,770.0,Agent/POS
TXN00381,CUST0058,2026-03-29,960.0,Agent/POS
TXN00382,CUST0058,2026-03-03,960.0,Mobile App
TXN00383,CUST0059,2026-07-19,320.0,USSD
TXN00384,CUST0059,2026-06-30,290.0,Mobile App
TXN00385,CUST0059,2026-05-28,300.0,Agent/POS
TXN00386,CUST0059,2026-05-09,300.0,Mobile App
TXN00387,CUST0060,2026-08-15,460.0,USSD
TXN00388,CUST0060,2026-07-22,550.0,Agent/POS
TXN00389,CUST0060,2026-06-25,550.0,Mobile App
TXN00390,CUST0060,2026-05-31,490.0,Bank Transfer
TXN00391,CUST0060,2026-05-10,530.0,Mobile App
TXN00392,CUST0060,2026-04-20,410.0,Mobile App
TXN00393,CUST0060,2026-03-24,500.0,Mobile App
TXN00394,CUST0060,2026-02-18,550.0,Agent/POS
TXN00395,CUST0060,2026-01-22,550.0,Agent/POS
TXN00396,CUST0061,2026-07-01,3070.0,USSD
TXN00397,CUST0061,2026-06-09,2150.0,USSD
TXN00398,CUST0061,2026-05-23,2700.0,Bank Transfer
TXN00399,CUST0062,2026-08-18,2080.0,Recharge Card
TXN00400,CUST0062,2026-07-29,2440.0,USSD
TXN00401,CUST0062,2026-06-26,2610.0,USSD
TXN00402,CUST0062,2026-06-01,2360.0,Mobile App
TXN00403,CUST0062,2026-04-30,3000.0,Agent/POS
TXN00404,CUST0062,2026-03-26,2390.0,Agent/POS
TXN00405,CUST0062,2026-03-04,2900.0,USSD
TXN00406,CUST0062,2026-02-10,2520.0,USSD
TXN00407,CUST0062,2026-01-10,2230.0,Agent/POS
TXN00408,CUST0063,2026-08-18,1150.0,USSD
TXN00409,CUST0063,2026-08-04,1080.0,USSD
TXN00410,CUST0063,2026-07-09,1280.0,Mobile App
TXN00411,CUST0063,2026-06-11,1200.0,Agent/POS
TXN00412,CUST0063,2026-05-22,820.0,Agent/POS
TXN00413,CUST0063,2026-05-09,1280.0,Agent/POS
TXN00414,CUST0063,2026-04-15,1210.0,Bank Transfer
TXN00415,CUST0063,2026-04-02,910.0,USSD
TXN00416,CUST0063,2026-03-07,1110.0,Mobile App
TXN00417,CUST0063,2026-02-11,1220.0,Bank Transfer
TXN00418,CUST0063,2026-02-01,980.0,USSD
TXN00419,CUST0064,2026-06-29,970.0,Mobile App
TXN00420,CUST0064,2026-06-15,910.0,USSD
TXN00421,CUST0064,2026-06-03,890.0,Mobile App
TXN00422,CUST0064,2026-05-09,870.0,USSD
TXN00423,CUST0064,2026-04-04,930.0,Bank Transfer
TXN00424,CUST0065,2026-08-09,240.0,Agent/POS
TXN00425,CUST0065,2026-07-11,330.0,Agent/POS
TXN00426,CUST0065,2026-06-09,270.0,Mobile App
TXN00427,CUST0065,2026-05-18,330.0,Mobile App
TXN00428,CUST0065,2026-04-18,390.0,USSD
TXN00429,CUST0065,2026-04-06,340.0,Mobile App
TXN00430,CUST0065,2026-03-17,300.0,Agent/POS
TXN00431,CUST0065,2026-02-14,340.0,Recharge Card
TXN00432,CUST0065,2026-01-18,260.0,USSD
TXN00433,CUST0066,2026-06-29,940.0,USSD
TXN00434,CUST0066,2026-05-28,840.0,Bank Transfer
TXN00435,CUST0066,2026-04-24,900.0,Mobile App
TXN00436,CUST0066,2026-03-30,910.0,Mobile App
TXN00437,CUST0067,2026-08-18,830.0,Bank Transfer
TXN00438,CUST0067,2026-07-20,920.0,Agent/POS
TXN00439,CUST0067,2026-07-08,1240.0,Agent/POS
TXN00440,CUST0067,2026-06-21,1070.0,Mobile App
TXN00441,CUST0067,2026-05-22,970.0,Agent/POS
TXN00442,CUST0067,2026-04-21,1300.0,Agent/POS
TXN00443,CUST0067,2026-04-02,1080.0,Agent/POS
TXN00444,CUST0067,2026-03-16,1030.0,USSD
TXN00445,CUST0067,2026-02-11,1080.0,Recharge Card
TXN00446,CUST0067,2026-01-30,890.0,Agent/POS
TXN00447,CUST0067,2026-01-07,900.0,Agent/POS
TXN00448,CUST0068,2026-08-05,1180.0,Mobile App
TXN00449,CUST0068,2026-07-21,1130.0,Agent/POS
TXN00450,CUST0068,2026-06-19,1260.0,USSD
TXN00451,CUST0068,2026-05-31,1000.0,USSD
TXN00452,CUST0068,2026-05-21,1300.0,Recharge Card
TXN00453,CUST0068,2026-05-10,1070.0,Bank Transfer
TXN00454,CUST0068,2026-04-20,1060.0,Agent/POS
TXN00455,CUST0069,2026-08-10,1300.0,Bank Transfer
TXN00456,CUST0069,2026-07-20,1790.0,Agent/POS
TXN00457,CUST0069,2026-06-29,1230.0,Mobile App
TXN00458,CUST0069,2026-06-06,1400.0,Mobile App
TXN00459,CUST0069,2026-05-23,1270.0,Recharge Card
TXN00460,CUST0069,2026-05-06,1620.0,Mobile App
TXN00461,CUST0070,2026-08-06,880.0,Mobile App
TXN00462,CUST0070,2026-07-09,1010.0,Mobile App
TXN00463,CUST0070,2026-06-08,1040.0,Bank Transfer
TXN00464,CUST0070,2026-05-04,720.0,Recharge Card
TXN00465,CUST0070,2026-04-19,690.0,Bank Transfer
TXN00466,CUST0070,2026-04-04,790.0,Bank Transfer
TXN00467,CUST0070,2026-03-20,990.0,Bank Transfer
TXN00468,CUST0070,2026-03-08,960.0,Mobile App
TXN00469,CUST0070,2026-02-07,670.0,Mobile App
TXN00470,CUST0070,2026-01-16,710.0,Agent/POS
TXN00471,CUST0071,2026-08-12,3920.0,Bank Transfer
TXN00472,CUST0071,2026-07-19,3030.0,Bank Transfer
TXN00473,CUST0071,2026-06-19,4410.0,Mobile App
TXN00474,CUST0071,2026-06-01,3860.0,Agent/POS
TXN00475,CUST0071,2026-05-08,3110.0,Mobile App
TXN00476,CUST0071,2026-04-20,3500.0,USSD
TXN00477,CUST0071,2026-03-20,3440.0,USSD
TXN00478,CUST0071,2026-03-10,2850.0,USSD
TXN00479,CUST0072,2026-05-10,1280.0,Mobile App
TXN00480,CUST0072,2026-04-09,960.0,Mobile App
TXN00481,CUST0072,2026-03-13,1020.0,USSD
TXN00482,CUST0073,2026-08-17,550.0,Agent/POS
TXN00483,CUST0073,2026-07-24,440.0,USSD
TXN00484,CUST0073,2026-07-03,600.0,Mobile App
TXN00485,CUST0073,2026-06-05,410.0,Recharge Card
TXN00486,CUST0073,2026-05-17,410.0,Agent/POS
TXN00487,CUST0073,2026-04-17,650.0,USSD
TXN00488,CUST0073,2026-03-25,440.0,USSD
TXN00489,CUST0073,2026-02-21,480.0,USSD
TXN00490,CUST0074,2026-07-05,320.0,Recharge Card
TXN00491,CUST0074,2026-06-16,360.0,Agent/POS
TXN00492,CUST0074,2026-05-31,290.0,Agent/POS
TXN00493,CUST0074,2026-05-09,320.0,Mobile App
TXN00494,CUST0075,2026-08-16,2560.0,USSD
TXN00495,CUST0075,2026-07-30,2460.0,Mobile App
TXN00496,CUST0075,2026-07-08,3030.0,Agent/POS
TXN00497,CUST0075,2026-06-10,2960.0,USSD
TXN00498,CUST0075,2026-05-20,2520.0,Mobile App
TXN00499,CUST0075,2026-04-22,2020.0,USSD
TXN00500,CUST0075,2026-04-03,2950.0,USSD
TXN00501,CUST0075,2026-03-02,2670.0,USSD
TXN00502,CUST0075,2026-02-11,2020.0,USSD
TXN00503,CUST0075,2026-02-01,3220.0,Bank Transfer
TXN00504,CUST0075,2026-01-01,3200.0,Mobile App
TXN00505,CUST0076,2026-08-01,1030.0,Bank Transfer
TXN00506,CUST0076,2026-07-01,850.0,Mobile App
TXN00507,CUST0076,2026-05-28,880.0,Mobile App
TXN00508,CUST0076,2026-04-25,1170.0,Mobile App
TXN00509,CUST0076,2026-04-14,990.0,Mobile App
TXN00510,CUST0076,2026-03-16,1030.0,Agent/POS
TXN00511,CUST0077,2026-05-10,4180.0,Mobile App
TXN00512,CUST0077,2026-04-06,4000.0,Mobile App
TXN00513,CUST0077,2026-03-02,3250.0,Bank Transfer
TXN00514,CUST0078,2026-07-31,2580.0,Agent/POS
TXN00515,CUST0078,2026-06-26,2820.0,Bank Transfer
TXN00516,CUST0078,2026-06-05,2800.0,Agent/POS
TXN00517,CUST0078,2026-05-19,2080.0,Mobile App
TXN00518,CUST0078,2026-04-19,2190.0,Agent/POS
TXN00519,CUST0078,2026-04-03,2640.0,Agent/POS
TXN00520,CUST0078,2026-03-05,2050.0,USSD
TXN00521,CUST0078,2026-02-15,2900.0,USSD
TXN00522,CUST0078,2026-01-15,2090.0,USSD
TXN00523,CUST0079,2026-03-27,1460.0,USSD
TXN00524,CUST0080,2026-07-30,1700.0,USSD
TXN00525,CUST0080,2026-06-30,1330.0,USSD
TXN00526,CUST0080,2026-06-19,1700.0,Agent/POS
TXN00527,CUST0080,2026-05-31,1400.0,USSD
TXN00528,CUST0080,2026-04-26,1260.0,Recharge Card
TXN00529,CUST0080,2026-04-02,1420.0,Agent/POS
TXN00530,CUST0080,2026-03-22,1670.0,Mobile App
TXN00531,CUST0081,2026-08-15,330.0,Agent/POS
TXN00532,CUST0081,2026-08-03,340.0,Agent/POS
TXN00533,CUST0081,2026-07-15,250.0,Recharge Card
TXN00534,CUST0081,2026-06-25,360.0,USSD
TXN00535,CUST0081,2026-05-23,390.0,Agent/POS
TXN00536,CUST0081,2026-04-30,330.0,Agent/POS
TXN00537,CUST0081,2026-04-15,360.0,Agent/POS
TXN00538,CUST0081,2026-03-30,260.0,Mobile App
TXN00539,CUST0081,2026-03-16,380.0,USSD
TXN00540,CUST0081,2026-02-09,300.0,Mobile App
TXN00541,CUST0081,2026-01-13,310.0,Agent/POS
TXN00542,CUST0082,2026-04-09,430.0,USSD
TXN00543,CUST0082,2026-03-14,620.0,Agent/POS
TXN00544,CUST0083,2026-08-14,1850.0,Bank Transfer
TXN00545,CUST0083,2026-07-27,1890.0,USSD
TXN00546,CUST0083,2026-07-02,1770.0,Mobile App
TXN00547,CUST0083,2026-05-28,1830.0,Agent/POS
TXN00548,CUST0083,2026-05-09,1780.0,Agent/POS
TXN00549,CUST0083,2026-04-06,1330.0,Agent/POS
TXN00550,CUST0083,2026-03-17,1940.0,Recharge Card
TXN00551,CUST0083,2026-02-10,1230.0,USSD
TXN00552,CUST0083,2026-01-28,1300.0,Agent/POS
TXN00553,CUST0083,2026-01-04,1810.0,USSD
TXN00554,CUST0084,2026-08-15,1750.0,Agent/POS
TXN00555,CUST0084,2026-07-12,1640.0,Mobile App
TXN00556,CUST0084,2026-06-25,1420.0,Agent/POS
TXN00557,CUST0084,2026-05-25,1720.0,Bank Transfer
TXN00558,CUST0084,2026-04-22,1680.0,Agent/POS
TXN00559,CUST0084,2026-03-22,1320.0,Mobile App
TXN00560,CUST0084,2026-02-28,1210.0,USSD
TXN00561,CUST0085,2026-07-08,2970.0,Mobile App
TXN00562,CUST0085,2026-06-26,4200.0,USSD
TXN00563,CUST0085,2026-05-22,3770.0,Agent/POS
TXN00564,CUST0085,2026-04-30,3880.0,USSD
TXN00565,CUST0085,2026-04-20,3420.0,Agent/POS
TXN00566,CUST0085,2026-04-02,3770.0,USSD
TXN00567,CUST0086,2026-07-16,350.0,USSD
TXN00568,CUST0086,2026-06-22,380.0,Mobile App
TXN00569,CUST0086,2026-06-01,290.0,USSD
TXN00570,CUST0086,2026-05-01,290.0,Bank Transfer
TXN00571,CUST0086,2026-03-29,390.0,Mobile App
TXN00572,CUST0086,2026-02-26,310.0,Agent/POS
TXN00573,CUST0087,2026-04-02,1000.0,Mobile App
TXN00574,CUST0087,2026-03-11,1150.0,USSD
TXN00575,CUST0088,2026-08-16,600.0,USSD
TXN00576,CUST0088,2026-07-16,550.0,Mobile App
TXN00577,CUST0088,2026-06-29,560.0,USSD
TXN00578,CUST0088,2026-06-04,540.0,Agent/POS
TXN00579,CUST0088,2026-05-25,540.0,Agent/POS
TXN00580,CUST0088,2026-04-26,570.0,Bank Transfer
TXN00581,CUST0088,2026-03-30,470.0,Bank Transfer
TXN00582,CUST0088,2026-03-10,520.0,USSD
TXN00583,CUST0088,2026-02-09,410.0,Mobile App
TXN00584,CUST0088,2026-01-23,600.0,Agent/POS
TXN00585,CUST0089,2026-06-29,1020.0,USSD
TXN00586,CUST0089,2026-06-05,960.0,Mobile App
TXN00587,CUST0090,2026-07-30,550.0,Agent/POS
TXN00588,CUST0090,2026-07-07,650.0,Recharge Card
TXN00589,CUST0090,2026-06-24,560.0,Mobile App
TXN00590,CUST0090,2026-06-10,560.0,Agent/POS
TXN00591,CUST0090,2026-05-30,430.0,Mobile App
TXN00592,CUST0090,2026-05-19,610.0,Mobile App
TXN00593,CUST0090,2026-04-30,540.0,Agent/POS
TXN00594,CUST0090,2026-04-05,450.0,Mobile App
TXN00595,CUST0090,2026-03-23,480.0,USSD
TXN00596,CUST0090,2026-03-10,410.0,Bank Transfer
TXN00597,CUST0091,2026-08-02,950.0,Recharge Card
TXN00598,CUST0091,2026-07-19,930.0,Mobile App
TXN00599,CUST0091,2026-06-27,1240.0,Bank Transfer
TXN00600,CUST0091,2026-06-03,890.0,Bank Transfer
TXN00601,CUST0091,2026-05-13,1030.0,Mobile App
TXN00602,CUST0091,2026-04-12,870.0,USSD
TXN00603,CUST0091,2026-03-10,1160.0,Mobile App
TXN00604,CUST0091,2026-02-06,1020.0,Agent/POS
TXN00605,CUST0091,2026-01-10,1180.0,USSD
TXN00606,CUST0092,2026-08-01,560.0,Agent/POS
TXN00607,CUST0092,2026-06-29,610.0,USSD
TXN00608,CUST0092,2026-05-27,400.0,USSD
TXN00609,CUST0092,2026-05-13,450.0,USSD
TXN00610,CUST0092,2026-04-20,600.0,USSD
TXN00611,CUST0092,2026-03-21,450.0,Agent/POS
TXN00612,CUST0092,2026-03-08,490.0,Agent/POS
TXN00613,CUST0092,2026-02-11,400.0,Mobile App
TXN00614,CUST0092,2026-01-13,390.0,USSD
TXN00615,CUST0093,2026-05-19,320.0,Mobile App
TXN00616,CUST0093,2026-04-25,290.0,Bank Transfer
TXN00617,CUST0094,2026-08-12,1280.0,Agent/POS
TXN00618,CUST0094,2026-07-22,1270.0,USSD
TXN00619,CUST0094,2026-07-09,1010.0,USSD
TXN00620,CUST0094,2026-06-08,1170.0,Recharge Card
TXN00621,CUST0094,2026-05-18,930.0,Agent/POS
TXN00622,CUST0094,2026-04-21,900.0,Agent/POS
TXN00623,CUST0094,2026-03-22,1030.0,Recharge Card
TXN00624,CUST0094,2026-03-01,1100.0,Mobile App
TXN00625,CUST0094,2026-02-18,860.0,USSD
TXN00626,CUST0094,2026-01-27,910.0,USSD
TXN00627,CUST0094,2026-01-09,1230.0,Agent/POS
TXN00628,CUST0095,2026-08-17,370.0,Agent/POS
TXN00629,CUST0095,2026-07-17,250.0,Agent/POS
TXN00630,CUST0095,2026-07-01,320.0,USSD
TXN00631,CUST0095,2026-06-01,310.0,Mobile App
TXN00632,CUST0095,2026-05-02,260.0,Recharge Card
TXN00633,CUST0095,2026-04-03,370.0,Agent/POS
TXN00634,CUST0095,2026-03-24,310.0,Mobile App
TXN00635,CUST0095,2026-03-13,340.0,Agent/POS
TXN00636,CUST0095,2026-02-06,250.0,Mobile App
TXN00637,CUST0095,2026-01-17,360.0,Mobile App
TXN00638,CUST0096,2026-08-17,2160.0,USSD
TXN00639,CUST0096,2026-07-14,2120.0,Mobile App
TXN00640,CUST0096,2026-06-17,2830.0,Mobile App
TXN00641,CUST0096,2026-06-01,2170.0,Bank Transfer
TXN00642,CUST0096,2026-05-04,2980.0,Bank Transfer
TXN00643,CUST0096,2026-04-18,2210.0,Mobile App
TXN00644,CUST0096,2026-04-01,3100.0,Agent/POS
TXN00645,CUST0096,2026-03-12,1950.0,USSD
TXN00646,CUST0096,2026-02-06,2480.0,Bank Transfer
TXN00647,CUST0097,2026-07-31,850.0,Agent/POS
TXN00648,CUST0097,2026-07-21,1210.0,Mobile App
TXN00649,CUST0097,2026-07-03,1190.0,Recharge Card
TXN00650,CUST0097,2026-06-19,900.0,Agent/POS
TXN00651,CUST0097,2026-06-05,940.0,Agent/POS
TXN00652,CUST0097,2026-05-09,1090.0,Agent/POS
TXN00653,CUST0097,2026-04-21,1200.0,Mobile App
TXN00654,CUST0097,2026-03-17,1260.0,Agent/POS
TXN00655,CUST0098,2026-08-16,1200.0,Mobile App
TXN00656,CUST0098,2026-07-16,1230.0,Bank Transfer
TXN00657,CUST0098,2026-07-06,940.0,Recharge Card
TXN00658,CUST0098,2026-06-22,870.0,USSD
TXN00659,CUST0098,2026-06-12,890.0,Bank Transfer
TXN00660,CUST0098,2026-05-22,1130.0,USSD
TXN00661,CUST0098,2026-04-17,1020.0,Agent/POS
TXN00662,CUST0098,2026-03-13,840.0,Bank Transfer
TXN00663,CUST0099,2026-07-01,2050.0,Mobile App
TXN00664,CUST0099,2026-06-11,2070.0,Agent/POS
TXN00665,CUST0099,2026-06-01,1790.0,USSD
TXN00666,CUST0100,2026-05-13,440.0,USSD
TXN00667,CUST0101,2026-08-15,1160.0,Bank Transfer
TXN00668,CUST0101,2026-07-13,840.0,Agent/POS
TXN00669,CUST0101,2026-06-20,890.0,Bank Transfer
TXN00670,CUST0101,2026-05-25,1210.0,Agent/POS
TXN00671,CUST0101,2026-05-12,1160.0,Mobile App
TXN00672,CUST0101,2026-04-09,1040.0,Bank Transfer
TXN00673,CUST0102,2026-08-04,840.0,Bank Transfer
TXN00674,CUST0102,2026-07-11,770.0,USSD
TXN00675,CUST0102,2026-06-07,920.0,Bank Transfer
TXN00676,CUST0102,2026-05-17,680.0,USSD
TXN00677,CUST0102,2026-04-21,700.0,Mobile App
TXN00678,CUST0102,2026-03-24,820.0,Agent/POS
TXN00679,CUST0102,2026-03-11,900.0,Agent/POS
TXN00680,CUST0103,2026-08-03,1550.0,Recharge Card
TXN00681,CUST0103,2026-07-17,1680.0,USSD
TXN00682,CUST0103,2026-06-18,1710.0,Mobile App
TXN00683,CUST0103,2026-06-07,1710.0,USSD
TXN00684,CUST0103,2026-05-05,1330.0,Bank Transfer
TXN00685,CUST0103,2026-03-31,1370.0,Bank Transfer
TXN00686,CUST0103,2026-02-28,1410.0,Agent/POS
TXN00687,CUST0103,2026-02-02,1720.0,Mobile App
TXN00688,CUST0103,2026-01-14,1430.0,USSD
TXN00689,CUST0104,2026-08-07,560.0,Recharge Card
TXN00690,CUST0104,2026-07-15,620.0,Agent/POS
TXN00691,CUST0104,2026-06-14,600.0,Agent/POS
TXN00692,CUST0104,2026-06-01,470.0,Bank Transfer
TXN00693,CUST0104,2026-05-07,570.0,Agent/POS
TXN00694,CUST0104,2026-04-05,430.0,Mobile App
TXN00695,CUST0104,2026-03-12,520.0,Bank Transfer
TXN00696,CUST0104,2026-02-28,540.0,Mobile App
TXN00697,CUST0104,2026-02-16,640.0,USSD
TXN00698,CUST0104,2026-01-27,510.0,USSD
TXN00699,CUST0105,2026-07-11,2350.0,Bank Transfer
TXN00700,CUST0105,2026-06-12,2370.0,Bank Transfer
TXN00701,CUST0105,2026-05-13,2940.0,Bank Transfer
TXN00702,CUST0106,2026-08-09,4070.0,Mobile App
TXN00703,CUST0106,2026-07-18,4250.0,USSD
TXN00704,CUST0106,2026-06-19,4330.0,USSD
TXN00705,CUST0106,2026-05-24,4030.0,Agent/POS
TXN00706,CUST0106,2026-05-05,2970.0,USSD
TXN00707,CUST0106,2026-04-11,2820.0,Mobile App
TXN00708,CUST0106,2026-03-16,3330.0,Agent/POS
TXN00709,CUST0106,2026-02-15,3320.0,USSD
TXN00710,CUST0106,2026-01-23,4100.0,USSD
TXN00711,CUST0106,2026-01-10,4380.0,Bank Transfer
TXN00712,CUST0107,2026-06-26,1250.0,USSD
TXN00713,CUST0107,2026-06-10,840.0,USSD
TXN00714,CUST0107,2026-05-18,1200.0,USSD
TXN00715,CUST0107,2026-04-24,1090.0,Recharge Card
TXN00716,CUST0107,2026-04-07,1230.0,Agent/POS
TXN00717,CUST0107,2026-03-15,830.0,Bank Transfer
TXN00718,CUST0108,2026-08-05,250.0,Bank Transfer
TXN00719,CUST0108,2026-07-14,340.0,Bank Transfer
TXN00720,CUST0108,2026-06-21,370.0,Agent/POS
TXN00721,CUST0108,2026-05-19,320.0,Mobile App
TXN00722,CUST0108,2026-05-06,290.0,Mobile App
TXN00723,CUST0108,2026-04-16,360.0,Agent/POS
TXN00724,CUST0108,2026-03-24,370.0,Mobile App
TXN00725,CUST0108,2026-03-04,330.0,Agent/POS
TXN00726,CUST0108,2026-02-01,330.0,Agent/POS
TXN00727,CUST0108,2026-01-14,280.0,Mobile App
TXN00728,CUST0109,2026-08-04,520.0,Agent/POS
TXN00729,CUST0109,2026-07-23,640.0,Agent/POS
TXN00730,CUST0109,2026-07-11,590.0,Mobile App
TXN00731,CUST0109,2026-06-29,560.0,USSD
TXN00732,CUST0109,2026-06-17,460.0,Mobile App
TXN00733,CUST0109,2026-05-25,520.0,USSD
TXN00734,CUST0109,2026-05-12,440.0,USSD
TXN00735,CUST0109,2026-04-09,640.0,Mobile App
TXN00736,CUST0110,2026-08-15,330.0,USSD
TXN00737,CUST0110,2026-07-19,270.0,Mobile App
TXN00738,CUST0110,2026-07-08,240.0,USSD
TXN00739,CUST0110,2026-06-10,270.0,USSD
TXN00740,CUST0110,2026-05-14,260.0,Mobile App
TXN00741,CUST0110,2026-04-17,360.0,Agent/POS
TXN00742,CUST0110,2026-03-28,320.0,USSD
TXN00743,CUST0110,2026-02-25,380.0,Mobile App
TXN00744,CUST0110,2026-02-12,250.0,Agent/POS
TXN00745,CUST0110,2026-01-20,260.0,Mobile App
TXN00746,CUST0111,2026-08-18,2620.0,Agent/POS
TXN00747,CUST0111,2026-07-30,3240.0,USSD
TXN00748,CUST0111,2026-07-01,2340.0,Mobile App
TXN00749,CUST0111,2026-06-12,2530.0,Mobile App
TXN00750,CUST0111,2026-05-22,3130.0,Agent/POS
TXN00751,CUST0111,2026-05-09,2760.0,Mobile App
TXN00752,CUST0111,2026-04-11,3030.0,Recharge Card
TXN00753,CUST0111,2026-03-16,3030.0,USSD
TXN00754,CUST0111,2026-02-28,2800.0,USSD
TXN00755,CUST0111,2026-02-14,2320.0,USSD
TXN00756,CUST0111,2026-01-14,2750.0,Agent/POS
TXN00757,CUST0112,2026-08-16,510.0,Mobile App
TXN00758,CUST0112,2026-07-26,430.0,Mobile App
TXN00759,CUST0112,2026-06-29,590.0,USSD
TXN00760,CUST0112,2026-06-08,420.0,Mobile App
TXN00761,CUST0112,2026-05-26,640.0,Agent/POS
TXN00762,CUST0112,2026-04-22,570.0,Mobile App
TXN00763,CUST0112,2026-04-04,550.0,USSD
TXN00764,CUST0112,2026-03-07,560.0,Bank Transfer
TXN00765,CUST0112,2026-02-18,550.0,Bank Transfer
TXN00766,CUST0113,2026-07-02,380.0,USSD
TXN00767,CUST0113,2026-05-29,320.0,USSD
TXN00768,CUST0113,2026-04-30,240.0,Mobile App
TXN00769,CUST0113,2026-04-01,280.0,Mobile App
TXN00770,CUST0113,2026-03-01,330.0,USSD
TXN00771,CUST0114,2026-08-19,970.0,Agent/POS
TXN00772,CUST0114,2026-07-21,1130.0,Bank Transfer
TXN00773,CUST0114,2026-06-20,1150.0,Mobile App
TXN00774,CUST0114,2026-05-19,1140.0,USSD
TXN00775,CUST0114,2026-05-01,950.0,Agent/POS
TXN00776,CUST0114,2026-04-21,1020.0,Agent/POS
TXN00777,CUST0114,2026-04-06,1210.0,Bank Transfer
TXN00778,CUST0114,2026-03-19,1260.0,Mobile App
TXN00779,CUST0114,2026-02-15,960.0,Agent/POS
TXN00780,CUST0114,2026-01-12,990.0,Agent/POS
TXN00781,CUST0115,2026-07-15,990.0,USSD
TXN00782,CUST0115,2026-06-17,1020.0,USSD
TXN00783,CUST0115,2026-05-17,1250.0,Mobile App
TXN00784,CUST0116,2026-08-17,340.0,Agent/POS
TXN00785,CUST0116,2026-08-03,290.0,USSD
TXN00786,CUST0116,2026-07-01,300.0,Mobile App
TXN00787,CUST0116,2026-06-01,340.0,Agent/POS
TXN00788,CUST0116,2026-05-22,290.0,USSD
TXN00789,CUST0116,2026-05-10,390.0,Mobile App
TXN00790,CUST0116,2026-04-07,340.0,USSD
TXN00791,CUST0116,2026-03-12,310.0,USSD
TXN00792,CUST0116,2026-02-24,320.0,Recharge Card
TXN00793,CUST0116,2026-02-02,300.0,USSD
TXN00794,CUST0116,2026-01-10,240.0,Mobile App
TXN00795,CUST0117,2026-08-14,350.0,Mobile App
TXN00796,CUST0117,2026-07-24,280.0,Bank Transfer
TXN00797,CUST0117,2026-07-05,260.0,Recharge Card
TXN00798,CUST0117,2026-06-02,290.0,Bank Transfer
TXN00799,CUST0117,2026-05-13,330.0,Bank Transfer
TXN00800,CUST0117,2026-04-09,390.0,USSD
TXN00801,CUST0117,2026-03-12,380.0,Mobile App
TXN00802,CUST0117,2026-02-11,300.0,Mobile App
TXN00803,CUST0117,2026-01-30,320.0,USSD
TXN00804,CUST0117,2026-01-19,320.0,Agent/POS
TXN00805,CUST0117,2026-01-05,350.0,Bank Transfer
TXN00806,CUST0118,2026-07-31,460.0,USSD
TXN00807,CUST0118,2026-07-20,410.0,Mobile App
TXN00808,CUST0118,2026-06-19,470.0,Recharge Card
TXN00809,CUST0118,2026-06-07,540.0,Mobile App
TXN00810,CUST0118,2026-05-20,550.0,USSD
TXN00811,CUST0118,2026-04-26,510.0,Agent/POS
TXN00812,CUST0118,2026-03-26,520.0,Mobile App
TXN00813,CUST0118,2026-03-03,650.0,Bank Transfer
TXN00814,CUST0119,2026-07-31,1110.0,USSD
TXN00815,CUST0119,2026-07-07,1000.0,USSD
TXN00816,CUST0119,2026-06-14,1040.0,Agent/POS
TXN00817,CUST0119,2026-05-27,910.0,Recharge Card
TXN00818,CUST0119,2026-05-11,1250.0,Agent/POS
TXN00819,CUST0119,2026-04-07,1070.0,Bank Transfer
TXN00820,CUST0119,2026-03-12,870.0,Agent/POS
TXN00821,CUST0119,2026-02-27,860.0,Agent/POS
TXN00822,CUST0119,2026-02-06,940.0,Bank Transfer
TXN00823,CUST0119,2026-01-14,1270.0,USSD
TXN00824,CUST0119,2026-01-01,1030.0,Recharge Card
TXN00825,CUST0120,2026-08-03,2740.0,Mobile App
TXN00826,CUST0120,2026-07-03,2360.0,USSD
TXN00827,CUST0120,2026-06-14,2950.0,Mobile App
TXN00828,CUST0120,2026-06-03,2640.0,Mobile App
TXN00829,CUST0120,2026-05-17,2720.0,Bank Transfer
TXN00830,CUST0120,2026-04-25,3230.0,Mobile App
TXN00831,CUST0120,2026-03-27,3030.0,Agent/POS
TXN00832,CUST0120,2026-03-16,2720.0,Recharge Card
TXN00833,CUST0120,2026-03-06,2250.0,USSD
TXN00834,CUST0120,2026-02-18,3070.0,Mobile App
TXN00835,CUST0120,2026-01-30,3060.0,Bank Transfer
TXN00836,CUST0120,2026-01-14,2080.0,Bank Transfer
TXN00837,CUST0121,2026-08-11,1780.0,Recharge Card
TXN00838,CUST0121,2026-07-23,1300.0,Mobile App
TXN00839,CUST0121,2026-07-03,1830.0,Agent/POS
TXN00840,CUST0121,2026-06-20,1830.0,USSD
TXN00841,CUST0121,2026-06-10,1520.0,Mobile App
TXN00842,CUST0121,2026-05-16,1920.0,USSD
TXN00843,CUST0121,2026-04-13,1450.0,Recharge Card
TXN00844,CUST0121,2026-03-21,1290.0,Recharge Card
TXN00845,CUST0122,2026-07-15,1420.0,USSD
TXN00846,CUST0122,2026-06-23,1750.0,Bank Transfer
TXN00847,CUST0122,2026-05-27,1760.0,USSD
TXN00848,CUST0123,2026-07-03,2710.0,Agent/POS
TXN00849,CUST0123,2026-06-06,2940.0,Agent/POS
TXN00850,CUST0123,2026-05-06,2030.0,Mobile App
TXN00851,CUST0124,2026-08-17,800.0,USSD
TXN00852,CUST0124,2026-07-26,780.0,USSD
TXN00853,CUST0124,2026-06-23,960.0,Recharge Card
TXN00854,CUST0124,2026-06-12,670.0,Recharge Card
TXN00855,CUST0124,2026-05-20,850.0,USSD
TXN00856,CUST0124,2026-05-10,670.0,Mobile App
TXN00857,CUST0124,2026-04-16,960.0,Agent/POS
TXN00858,CUST0124,2026-04-04,660.0,USSD
TXN00859,CUST0124,2026-03-15,800.0,USSD
TXN00860,CUST0124,2026-02-15,730.0,USSD
TXN00861,CUST0124,2026-01-23,960.0,Recharge Card
TXN00862,CUST0125,2026-07-30,2400.0,Mobile App
TXN00863,CUST0125,2026-07-07,2280.0,Agent/POS
TXN00864,CUST0125,2026-06-18,3220.0,Agent/POS
TXN00865,CUST0125,2026-06-05,2450.0,Agent/POS
TXN00866,CUST0125,2026-05-14,2150.0,Bank Transfer
TXN00867,CUST0125,2026-05-04,2630.0,Mobile App
TXN00868,CUST0125,2026-04-14,2730.0,Agent/POS
TXN00869,CUST0125,2026-03-30,2090.0,Agent/POS
TXN00870,CUST0125,2026-02-23,2300.0,Agent/POS
TXN00871,CUST0125,2026-01-25,3030.0,Bank Transfer
TXN00872,CUST0125,2026-01-01,2690.0,Agent/POS
TXN00873,CUST0126,2026-08-17,1400.0,Mobile App
TXN00874,CUST0126,2026-07-25,1410.0,USSD
TXN00875,CUST0126,2026-07-12,1670.0,USSD
TXN00876,CUST0126,2026-06-25,1760.0,Mobile App
TXN00877,CUST0126,2026-06-02,1200.0,Mobile App
TXN00878,CUST0126,2026-05-05,1240.0,USSD
TXN00879,CUST0126,2026-04-13,1730.0,USSD
TXN00880,CUST0126,2026-03-18,1830.0,USSD
TXN00881,CUST0126,2026-03-06,1390.0,Agent/POS
TXN00882,CUST0126,2026-02-12,1440.0,USSD
TXN00883,CUST0126,2026-01-24,1470.0,USSD
TXN00884,CUST0127,2026-07-12,600.0,Bank Transfer
TXN00885,CUST0127,2026-06-22,510.0,Bank Transfer
TXN00886,CUST0127,2026-05-19,490.0,Recharge Card
TXN00887,CUST0127,2026-05-04,420.0,Agent/POS
TXN00888,CUST0128,2026-08-03,560.0,Agent/POS
TXN00889,CUST0128,2026-07-04,400.0,USSD
TXN00890,CUST0128,2026-06-21,580.0,Agent/POS
TXN00891,CUST0128,2026-05-26,640.0,Agent/POS
TXN00892,CUST0128,2026-04-30,640.0,Agent/POS
TXN00893,CUST0128,2026-04-14,470.0,USSD
TXN00894,CUST0128,2026-03-11,600.0,Agent/POS
TXN00895,CUST0129,2026-08-08,640.0,Mobile App
TXN00896,CUST0129,2026-07-06,510.0,Mobile App
TXN00897,CUST0129,2026-06-06,450.0,Mobile App
TXN00898,CUST0129,2026-05-23,490.0,USSD
TXN00899,CUST0129,2026-05-06,590.0,Mobile App
TXN00900,CUST0129,2026-04-23,610.0,Bank Transfer
TXN00901,CUST0129,2026-04-09,450.0,Agent/POS
TXN00902,CUST0129,2026-03-22,520.0,Bank Transfer
TXN00903,CUST0129,2026-03-06,450.0,Agent/POS
TXN00904,CUST0129,2026-02-19,550.0,USSD
TXN00905,CUST0129,2026-01-21,430.0,Agent/POS
TXN00906,CUST0130,2026-06-25,560.0,Mobile App
TXN00907,CUST0130,2026-05-22,580.0,USSD
TXN00908,CUST0130,2026-04-22,620.0,USSD
TXN00909,CUST0131,2026-08-14,410.0,Mobile App
TXN00910,CUST0131,2026-07-11,450.0,Bank Transfer
TXN00911,CUST0131,2026-06-11,390.0,Mobile App
TXN00912,CUST0131,2026-05-17,460.0,USSD
TXN00913,CUST0131,2026-04-23,410.0,Mobile App
TXN00914,CUST0131,2026-03-20,500.0,Mobile App
TXN00915,CUST0131,2026-02-20,510.0,Agent/POS
TXN00916,CUST0132,2026-08-01,1280.0,Mobile App
TXN00917,CUST0132,2026-07-02,1140.0,Mobile App
TXN00918,CUST0132,2026-06-02,1190.0,Agent/POS
TXN00919,CUST0132,2026-05-04,1060.0,Recharge Card
TXN00920,CUST0132,2026-04-14,860.0,USSD
TXN00921,CUST0132,2026-03-15,1190.0,Bank Transfer
TXN00922,CUST0132,2026-02-23,860.0,USSD
TXN00923,CUST0132,2026-02-09,810.0,USSD
TXN00924,CUST0132,2026-01-16,1190.0,Mobile App
TXN00925,CUST0132,2026-01-04,970.0,Mobile App
TXN00926,CUST0133,2026-08-11,560.0,Recharge Card
TXN00927,CUST0133,2026-07-14,610.0,USSD
TXN00928,CUST0133,2026-07-03,620.0,Agent/POS
TXN00929,CUST0133,2026-06-12,600.0,Mobile App
TXN00930,CUST0133,2026-05-17,500.0,Mobile App
TXN00931,CUST0133,2026-05-05,420.0,USSD
TXN00932,CUST0133,2026-04-16,460.0,Mobile App
TXN00933,CUST0133,2026-03-23,590.0,Mobile App
TXN00934,CUST0133,2026-02-27,410.0,Recharge Card
TXN00935,CUST0133,2026-02-16,640.0,Agent/POS
TXN00936,CUST0134,2026-04-29,1280.0,USSD
TXN00937,CUST0135,2026-08-17,450.0,USSD
TXN00938,CUST0135,2026-07-18,560.0,Agent/POS
TXN00939,CUST0135,2026-07-06,540.0,USSD
TXN00940,CUST0135,2026-06-07,600.0,Agent/POS
TXN00941,CUST0135,2026-05-09,500.0,Agent/POS
TXN00942,CUST0135,2026-04-13,460.0,Mobile App
TXN00943,CUST0135,2026-03-22,630.0,USSD
TXN00944,CUST0135,2026-02-26,520.0,Bank Transfer
TXN00945,CUST0135,2026-01-29,580.0,USSD
TXN00946,CUST0135,2026-01-02,440.0,USSD
TXN00947,CUST0136,2026-08-05,430.0,Recharge Card
TXN00948,CUST0136,2026-07-01,530.0,USSD
TXN00949,CUST0136,2026-06-03,530.0,Agent/POS
TXN00950,CUST0136,2026-05-04,420.0,USSD
TXN00951,CUST0136,2026-04-18,600.0,Mobile App
TXN00952,CUST0136,2026-03-29,540.0,Mobile App
TXN00953,CUST0137,2026-08-03,490.0,USSD
TXN00954,CUST0137,2026-07-20,400.0,Bank Transfer
TXN00955,CUST0137,2026-07-09,620.0,Agent/POS
TXN00956,CUST0137,2026-06-15,590.0,USSD
TXN00957,CUST0137,2026-06-02,610.0,USSD
TXN00958,CUST0137,2026-04-28,610.0,Recharge Card
TXN00959,CUST0137,2026-04-08,550.0,Recharge Card
TXN00960,CUST0137,2026-03-07,520.0,USSD
TXN00961,CUST0137,2026-02-23,490.0,Agent/POS
TXN00962,CUST0137,2026-01-28,400.0,Agent/POS
TXN00963,CUST0138,2026-04-20,360.0,Bank Transfer
TXN00964,CUST0139,2026-04-09,3710.0,Recharge Card
TXN00965,CUST0139,2026-03-14,4130.0,USSD
TXN00966,CUST0139,2026-02-13,3630.0,Agent/POS
TXN00967,CUST0140,2026-08-08,1130.0,USSD
TXN00968,CUST0140,2026-07-18,1080.0,Agent/POS
TXN00969,CUST0140,2026-06-29,1050.0,USSD
TXN00970,CUST0140,2026-06-07,800.0,Mobile App
TXN00971,CUST0140,2026-05-15,1260.0,USSD
TXN00972,CUST0140,2026-04-11,1120.0,USSD
TXN00973,CUST0140,2026-03-22,960.0,Bank Transfer
TXN00974,CUST0140,2026-02-19,1160.0,USSD
TXN00975,CUST0141,2026-07-30,310.0,Agent/POS
TXN00976,CUST0141,2026-06-30,260.0,USSD
TXN00977,CUST0141,2026-06-10,300.0,Bank Transfer
TXN00978,CUST0141,2026-05-29,390.0,USSD
TXN00979,CUST0141,2026-05-09,350.0,Mobile App
TXN00980,CUST0141,2026-04-26,300.0,Agent/POS
TXN00981,CUST0142,2026-05-10,3810.0,Mobile App
TXN00982,CUST0142,2026-04-22,4180.0,USSD
TXN00983,CUST0142,2026-03-20,3790.0,Mobile App
TXN00984,CUST0143,2026-07-15,450.0,Bank Transfer
TXN00985,CUST0143,2026-06-25,430.0,Mobile App
TXN00986,CUST0143,2026-06-13,460.0,USSD
TXN00987,CUST0143,2026-05-16,410.0,USSD
TXN00988,CUST0143,2026-04-15,620.0,USSD
TXN00989,CUST0143,2026-04-01,640.0,Agent/POS
TXN00990,CUST0144,2026-08-10,1060.0,Agent/POS
TXN00991,CUST0144,2026-07-11,940.0,Mobile App
TXN00992,CUST0144,2026-06-09,1250.0,Recharge Card
TXN00993,CUST0144,2026-05-09,1250.0,Mobile App
TXN00994,CUST0144,2026-04-17,1190.0,Mobile App
TXN00995,CUST0144,2026-04-03,1050.0,USSD
TXN00996,CUST0144,2026-03-05,1100.0,USSD
TXN00997,CUST0144,2026-02-01,970.0,Bank Transfer
TXN00998,CUST0144,2026-01-20,900.0,USSD
TXN00999,CUST0144,2026-01-01,830.0,Recharge Card
TXN01000,CUST0145,2026-07-30,600.0,Bank Transfer
TXN01001,CUST0145,2026-06-25,480.0,Agent/POS
TXN01002,CUST0145,2026-06-05,590.0,Agent/POS
TXN01003,CUST0145,2026-05-22,440.0,Bank Transfer
TXN01004,CUST0145,2026-04-21,530.0,USSD
TXN01005,CUST0145,2026-03-20,510.0,USSD
TXN01006,CUST0145,2026-02-15,430.0,Agent/POS
TXN01007,CUST0145,2026-01-15,400.0,Mobile App
TXN01008,CUST0146,2026-08-03,390.0,USSD
TXN01009,CUST0146,2026-07-13,290.0,Mobile App
TXN01010,CUST0146,2026-07-03,270.0,USSD
TXN01011,CUST0146,2026-06-12,350.0,Recharge Card
TXN01012,CUST0146,2026-05-24,270.0,Agent/POS
TXN01013,CUST0146,2026-05-09,350.0,Bank Transfer
TXN01014,CUST0146,2026-04-23,300.0,Mobile App
TXN01015,CUST0146,2026-04-03,290.0,Agent/POS
TXN01016,CUST0146,2026-02-28,360.0,USSD
TXN01017,CUST0146,2026-02-03,300.0,Bank Transfer
TXN01018,CUST0146,2026-01-18,360.0,Recharge Card
TXN01019,CUST0146,2026-01-01,350.0,Mobile App
TXN01020,CUST0147,2026-08-15,840.0,Agent/POS
TXN01021,CUST0147,2026-08-03,1150.0,USSD
TXN01022,CUST0147,2026-07-15,1190.0,Agent/POS
TXN01023,CUST0147,2026-06-10,1280.0,USSD
TXN01024,CUST0147,2026-05-28,930.0,Agent/POS
TXN01025,CUST0147,2026-05-02,950.0,Agent/POS
TXN01026,CUST0147,2026-03-29,1180.0,USSD
TXN01027,CUST0147,2026-03-02,1060.0,Mobile App
TXN01028,CUST0148,2026-08-18,3030.0,Agent/POS
TXN01029,CUST0148,2026-07-18,2890.0,Mobile App
TXN01030,CUST0148,2026-06-28,3150.0,Agent/POS
TXN01031,CUST0148,2026-05-25,2910.0,Bank Transfer
TXN01032,CUST0148,2026-04-26,2340.0,Bank Transfer
TXN01033,CUST0148,2026-04-12,2240.0,Mobile App
TXN01034,CUST0148,2026-03-14,2420.0,Recharge Card
TXN01035,CUST0148,2026-02-20,3070.0,Agent/POS
TXN01036,CUST0148,2026-02-06,2910.0,Agent/POS
TXN01037,CUST0148,2026-01-22,3180.0,Mobile App
TXN01038,CUST0148,2026-01-07,2480.0,USSD
TXN01039,CUST0149,2026-06-26,1490.0,USSD
TXN01040,CUST0149,2026-06-02,1830.0,USSD
TXN01041,CUST0149,2026-05-22,1730.0,Recharge Card
TXN01042,CUST0150,2026-08-08,580.0,Bank Transfer
TXN01043,CUST0150,2026-07-08,540.0,Recharge Card
TXN01044,CUST0150,2026-06-05,410.0,Mobile App
TXN01045,CUST0150,2026-05-19,580.0,Bank Transfer
TXN01046,CUST0150,2026-04-25,440.0,Bank Transfer
TXN01047,CUST0150,2026-03-27,540.0,Mobile App
TXN01048,CUST0150,2026-03-08,430.0,Bank Transfer
TXN01049,CUST0150,2026-02-02,440.0,Mobile App
TXN01050,CUST0151,2026-08-12,2840.0,Agent/POS
TXN01051,CUST0151,2026-07-24,2310.0,Agent/POS
TXN01052,CUST0151,2026-06-19,2710.0,Bank Transfer
TXN01053,CUST0151,2026-05-15,3130.0,USSD
TXN01054,CUST0151,2026-04-20,2840.0,USSD
TXN01055,CUST0151,2026-04-04,2690.0,USSD
TXN01056,CUST0151,2026-03-14,2380.0,Mobile App
TXN01057,CUST0151,2026-02-11,2780.0,Mobile App
TXN01058,CUST0151,2026-01-14,2920.0,Mobile App
TXN01059,CUST0152,2026-08-03,1410.0,Mobile App
TXN01060,CUST0152,2026-07-08,1710.0,Mobile App
TXN01061,CUST0152,2026-06-15,1240.0,Mobile App
TXN01062,CUST0152,2026-05-31,1910.0,Agent/POS
TXN01063,CUST0152,2026-05-15,1700.0,Agent/POS
TXN01064,CUST0152,2026-04-10,1350.0,Mobile App
TXN01065,CUST0152,2026-03-12,1760.0,USSD
TXN01066,CUST0152,2026-02-26,1410.0,USSD
TXN01067,CUST0152,2026-02-08,1520.0,Recharge Card
TXN01068,CUST0152,2026-01-28,1250.0,Mobile App
TXN01069,CUST0153,2026-08-02,4800.0,Mobile App
TXN01070,CUST0153,2026-07-20,6550.0,Agent/POS
TXN01071,CUST0153,2026-06-18,5660.0,Mobile App
TXN01072,CUST0153,2026-05-23,5590.0,USSD
TXN01073,CUST0153,2026-05-10,5050.0,Mobile App
TXN01074,CUST0153,2026-04-21,5230.0,USSD
TXN01075,CUST0153,2026-04-09,6320.0,Recharge Card
TXN01076,CUST0153,2026-03-06,6170.0,USSD
TXN01077,CUST0153,2026-02-19,4690.0,Recharge Card
TXN01078,CUST0153,2026-02-01,5310.0,USSD
TXN01079,CUST0153,2026-01-08,6160.0,Agent/POS
TXN01080,CUST0154,2026-08-15,400.0,Recharge Card
TXN01081,CUST0154,2026-07-23,460.0,Agent/POS
TXN01082,CUST0154,2026-07-11,580.0,Agent/POS
TXN01083,CUST0154,2026-06-24,480.0,USSD
TXN01084,CUST0154,2026-05-31,550.0,Bank Transfer
TXN01085,CUST0154,2026-05-10,640.0,USSD
TXN01086,CUST0154,2026-04-30,440.0,Recharge Card
TXN01087,CUST0154,2026-04-07,580.0,Bank Transfer
TXN01088,CUST0154,2026-03-27,450.0,Agent/POS
TXN01089,CUST0154,2026-03-05,580.0,Agent/POS
TXN01090,CUST0154,2026-02-07,500.0,USSD
TXN01091,CUST0154,2026-01-17,550.0,USSD
TXN01092,CUST0155,2026-08-08,3500.0,Bank Transfer
TXN01093,CUST0155,2026-07-22,3130.0,Agent/POS
TXN01094,CUST0155,2026-07-12,4510.0,USSD
TXN01095,CUST0155,2026-06-22,2810.0,Mobile App
TXN01096,CUST0155,2026-06-09,2960.0,Agent/POS
TXN01097,CUST0155,2026-05-08,4400.0,Mobile App
TXN01098,CUST0155,2026-04-08,3250.0,Mobile App
TXN01099,CUST0156,2026-07-15,330.0,Agent/POS
TXN01100,CUST0156,2026-07-01,340.0,USSD
TXN01101,CUST0156,2026-06-20,350.0,USSD
TXN01102,CUST0156,2026-06-01,270.0,Bank Transfer
TXN01103,CUST0157,2026-06-27,440.0,USSD
TXN01104,CUST0157,2026-06-13,450.0,USSD
TXN01105,CUST0157,2026-05-10,400.0,Mobile App
TXN01106,CUST0157,2026-04-08,560.0,Agent/POS
TXN01107,CUST0157,2026-03-14,550.0,USSD
TXN01108,CUST0158,2026-03-29,1800.0,Bank Transfer
TXN01109,CUST0158,2026-03-19,1900.0,Agent/POS
TXN01110,CUST0158,2026-03-07,1350.0,Agent/POS
TXN01111,CUST0159,2026-07-11,1590.0,USSD
TXN01112,CUST0159,2026-06-25,1480.0,Recharge Card
TXN01113,CUST0160,2026-08-02,930.0,Mobile App
TXN01114,CUST0160,2026-06-30,1250.0,Agent/POS
TXN01115,CUST0160,2026-06-01,1190.0,Mobile App
TXN01116,CUST0160,2026-05-06,1120.0,USSD
TXN01117,CUST0160,2026-04-13,1150.0,Mobile App
TXN01118,CUST0160,2026-03-31,1020.0,Agent/POS
TXN01119,CUST0160,2026-02-25,1270.0,USSD
TXN01120,CUST0160,2026-02-06,1210.0,USSD
TXN01121,CUST0161,2026-08-10,290.0,Mobile App
TXN01122,CUST0161,2026-07-28,250.0,Mobile App
TXN01123,CUST0161,2026-07-17,380.0,USSD
TXN01124,CUST0161,2026-06-30,350.0,Mobile App
TXN01125,CUST0161,2026-06-07,340.0,USSD
TXN01126,CUST0161,2026-05-08,260.0,USSD
TXN01127,CUST0161,2026-04-03,250.0,USSD
TXN01128,CUST0161,2026-03-05,340.0,Bank Transfer
TXN01129,CUST0161,2026-02-09,360.0,Agent/POS
TXN01130,CUST0162,2026-08-16,480.0,USSD
TXN01131,CUST0162,2026-07-22,530.0,Agent/POS
TXN01132,CUST0162,2026-06-23,490.0,Mobile App
TXN01133,CUST0162,2026-05-27,610.0,Agent/POS
TXN01134,CUST0162,2026-05-17,480.0,Bank Transfer
TXN01135,CUST0162,2026-04-17,640.0,Mobile App
TXN01136,CUST0162,2026-03-22,490.0,Mobile App
TXN01137,CUST0163,2026-05-28,2130.0,Mobile App
TXN01138,CUST0164,2026-08-06,900.0,Bank Transfer
TXN01139,CUST0164,2026-07-27,1140.0,Bank Transfer
TXN01140,CUST0164,2026-06-28,1230.0,Agent/POS
TXN01141,CUST0164,2026-06-07,1020.0,Agent/POS
TXN01142,CUST0164,2026-05-21,880.0,Agent/POS
TXN01143,CUST0164,2026-04-23,890.0,Agent/POS
TXN01144,CUST0164,2026-03-31,910.0,USSD
TXN01145,CUST0164,2026-03-16,880.0,USSD
TXN01146,CUST0164,2026-02-13,1160.0,Agent/POS
TXN01147,CUST0164,2026-01-13,1060.0,USSD
TXN01148,CUST0165,2026-08-03,260.0,Bank Transfer
TXN01149,CUST0165,2026-07-13,280.0,Mobile App
TXN01150,CUST0165,2026-07-01,260.0,USSD
TXN01151,CUST0165,2026-06-05,320.0,Agent/POS
TXN01152,CUST0165,2026-05-09,280.0,USSD
TXN01153,CUST0165,2026-04-13,300.0,USSD
TXN01154,CUST0165,2026-03-09,270.0,Recharge Card
TXN01155,CUST0166,2026-08-02,1010.0,Mobile App
TXN01156,CUST0166,2026-07-23,1070.0,Agent/POS
TXN01157,CUST0166,2026-07-01,1150.0,USSD
TXN01158,CUST0166,2026-06-06,1050.0,Mobile App
TXN01159,CUST0166,2026-05-26,1240.0,Agent/POS
TXN01160,CUST0166,2026-04-26,1070.0,USSD
TXN01161,CUST0166,2026-04-04,1100.0,USSD
TXN01162,CUST0166,2026-03-14,970.0,USSD
TXN01163,CUST0166,2026-02-24,1150.0,USSD
TXN01164,CUST0166,2026-01-22,1000.0,Bank Transfer
TXN01165,CUST0166,2026-01-12,900.0,Mobile App
TXN01166,CUST0167,2026-08-12,360.0,USSD
TXN01167,CUST0167,2026-07-10,310.0,Agent/POS
TXN01168,CUST0167,2026-06-09,330.0,Agent/POS
TXN01169,CUST0167,2026-05-10,280.0,USSD
TXN01170,CUST0167,2026-04-27,350.0,Agent/POS
TXN01171,CUST0167,2026-03-24,370.0,Bank Transfer
TXN01172,CUST0167,2026-02-24,370.0,Mobile App
TXN01173,CUST0167,2026-01-22,290.0,Agent/POS
TXN01174,CUST0168,2026-08-08,370.0,Bank Transfer
TXN01175,CUST0168,2026-07-12,310.0,USSD
TXN01176,CUST0168,2026-06-22,300.0,Bank Transfer
TXN01177,CUST0168,2026-05-23,380.0,USSD
TXN01178,CUST0168,2026-05-08,250.0,Bank Transfer
TXN01179,CUST0168,2026-04-04,300.0,Agent/POS
TXN01180,CUST0169,2026-04-15,340.0,USSD
TXN01181,CUST0169,2026-03-16,300.0,Bank Transfer
TXN01182,CUST0169,2026-03-01,310.0,Recharge Card
TXN01183,CUST0170,2026-08-17,460.0,Mobile App
TXN01184,CUST0170,2026-07-16,490.0,USSD
TXN01185,CUST0170,2026-06-12,490.0,Mobile App
TXN01186,CUST0170,2026-05-19,580.0,Agent/POS
TXN01187,CUST0170,2026-05-08,580.0,USSD
TXN01188,CUST0170,2026-04-19,450.0,Agent/POS
TXN01189,CUST0170,2026-04-03,520.0,USSD
TXN01190,CUST0170,2026-03-23,600.0,Agent/POS
TXN01191,CUST0171,2026-08-18,350.0,Agent/POS
TXN01192,CUST0171,2026-07-29,360.0,Agent/POS
TXN01193,CUST0171,2026-07-10,360.0,Mobile App
TXN01194,CUST0171,2026-06-14,260.0,Agent/POS
TXN01195,CUST0171,2026-05-23,330.0,Agent/POS
TXN01196,CUST0171,2026-04-26,270.0,USSD
TXN01197,CUST0171,2026-04-01,370.0,Agent/POS
TXN01198,CUST0171,2026-03-14,380.0,Agent/POS
TXN01199,CUST0171,2026-03-03,330.0,Agent/POS
TXN01200,CUST0172,2026-05-10,1120.0,USSD
TXN01201,CUST0173,2026-08-18,1400.0,USSD
TXN01202,CUST0173,2026-07-19,1440.0,USSD
TXN01203,CUST0173,2026-06-29,1360.0,Mobile App
TXN01204,CUST0173,2026-06-11,1880.0,Mobile App
TXN01205,CUST0173,2026-05-29,1340.0,USSD
TXN01206,CUST0173,2026-04-24,1720.0,Mobile App
TXN01207,CUST0173,2026-04-03,1820.0,Agent/POS
TXN01208,CUST0173,2026-03-11,1800.0,USSD
TXN01209,CUST0173,2026-02-17,1720.0,USSD
TXN01210,CUST0173,2026-01-15,1900.0,Agent/POS
TXN01211,CUST0174,2026-08-09,450.0,Agent/POS
TXN01212,CUST0174,2026-07-25,450.0,Agent/POS
TXN01213,CUST0174,2026-06-30,470.0,Agent/POS
TXN01214,CUST0174,2026-05-29,600.0,Agent/POS
TXN01215,CUST0174,2026-05-04,590.0,USSD
TXN01216,CUST0174,2026-04-13,420.0,Agent/POS
TXN01217,CUST0174,2026-03-09,490.0,Mobile App
TXN01218,CUST0174,2026-02-11,410.0,USSD
TXN01219,CUST0174,2026-01-24,410.0,Bank Transfer
TXN01220,CUST0175,2026-08-17,820.0,Agent/POS
TXN01221,CUST0175,2026-07-25,960.0,Bank Transfer
TXN01222,CUST0175,2026-06-26,1240.0,Mobile App
TXN01223,CUST0175,2026-06-11,1250.0,Recharge Card
TXN01224,CUST0175,2026-05-15,1210.0,Bank Transfer
TXN01225,CUST0175,2026-04-26,920.0,Agent/POS
TXN01226,CUST0175,2026-04-06,830.0,USSD
TXN01227,CUST0175,2026-03-24,1300.0,Mobile App
TXN01228,CUST0175,2026-03-12,1170.0,Bank Transfer
TXN01229,CUST0175,2026-02-20,1230.0,Recharge Card
TXN01230,CUST0175,2026-01-20,920.0,USSD
TXN01231,CUST0175,2026-01-01,1010.0,USSD
TXN01232,CUST0176,2026-08-05,600.0,Agent/POS
TXN01233,CUST0176,2026-07-07,480.0,Agent/POS
TXN01234,CUST0176,2026-06-05,460.0,USSD
TXN01235,CUST0176,2026-05-13,590.0,Agent/POS
TXN01236,CUST0176,2026-04-28,590.0,USSD
TXN01237,CUST0176,2026-03-27,610.0,Agent/POS
TXN01238,CUST0176,2026-03-03,540.0,Agent/POS
TXN01239,CUST0176,2026-02-10,620.0,Agent/POS
TXN01240,CUST0176,2026-01-17,550.0,Recharge Card
TXN01241,CUST0176,2026-01-06,590.0,Mobile App
TXN01242,CUST0177,2026-06-30,460.0,Agent/POS
TXN01243,CUST0177,2026-06-07,630.0,Recharge Card
TXN01244,CUST0177,2026-05-20,490.0,Agent/POS
TXN01245,CUST0177,2026-04-20,450.0,Recharge Card
TXN01246,CUST0178,2026-06-06,1200.0,Agent/POS
TXN01247,CUST0179,2026-08-08,310.0,Agent/POS
TXN01248,CUST0179,2026-07-13,340.0,Mobile App
TXN01249,CUST0179,2026-06-08,380.0,USSD
TXN01250,CUST0179,2026-05-06,320.0,Agent/POS
TXN01251,CUST0179,2026-04-05,340.0,Agent/POS
TXN01252,CUST0179,2026-03-21,280.0,USSD
TXN01253,CUST0179,2026-03-11,340.0,Agent/POS
TXN01254,CUST0179,2026-02-25,270.0,Agent/POS
TXN01255,CUST0179,2026-01-27,310.0,Agent/POS
TXN01256,CUST0180,2026-07-15,240.0,Agent/POS
TXN01257,CUST0180,2026-07-03,330.0,Agent/POS
TXN01258,CUST0181,2026-06-25,1920.0,Agent/POS
TXN01259,CUST0181,2026-05-26,1570.0,Mobile App
TXN01260,CUST0181,2026-05-05,1320.0,Agent/POS
TXN01261,CUST0182,2026-08-07,2730.0,Agent/POS
TXN01262,CUST0182,2026-07-10,2440.0,USSD
TXN01263,CUST0182,2026-06-29,2040.0,Mobile App
TXN01264,CUST0182,2026-05-31,2110.0,Agent/POS
TXN01265,CUST0182,2026-05-17,3100.0,Bank Transfer
TXN01266,CUST0182,2026-04-16,2820.0,USSD
TXN01267,CUST0182,2026-03-23,3080.0,Bank Transfer
TXN01268,CUST0182,2026-03-02,2250.0,Agent/POS
TXN01269,CUST0182,2026-02-09,2360.0,Bank Transfer
TXN01270,CUST0182,2026-01-16,3250.0,USSD
TXN01271,CUST0183,2026-04-03,1290.0,Mobile App
TXN01272,CUST0184,2026-07-03,460.0,USSD
TXN01273,CUST0184,2026-06-12,620.0,Bank Transfer
TXN01274,CUST0184,2026-05-21,590.0,Recharge Card
TXN01275,CUST0185,2026-07-30,420.0,USSD
TXN01276,CUST0185,2026-07-12,460.0,Mobile App
TXN01277,CUST0185,2026-06-25,470.0,USSD
TXN01278,CUST0185,2026-06-12,440.0,USSD
TXN01279,CUST0185,2026-06-02,640.0,Agent/POS
TXN01280,CUST0185,2026-04-30,640.0,Mobile App
TXN01281,CUST0185,2026-04-15,470.0,Agent/POS
TXN01282,CUST0185,2026-03-21,480.0,USSD
TXN01283,CUST0185,2026-02-23,460.0,USSD
TXN01284,CUST0185,2026-02-01,460.0,Mobile App
TXN01285,CUST0185,2026-01-05,570.0,USSD
TXN01286,CUST0186,2026-08-11,1310.0,Mobile App
TXN01287,CUST0186,2026-07-08,1850.0,USSD
TXN01288,CUST0186,2026-06-20,1260.0,Mobile App
TXN01289,CUST0186,2026-05-19,1430.0,Agent/POS
TXN01290,CUST0186,2026-04-25,1800.0,USSD
TXN01291,CUST0186,2026-04-09,1640.0,Mobile App
TXN01292,CUST0186,2026-03-11,1310.0,Agent/POS
TXN01293,CUST0187,2026-08-04,840.0,Mobile App
TXN01294,CUST0187,2026-07-19,950.0,Bank Transfer
TXN01295,CUST0187,2026-07-06,830.0,Mobile App
TXN01296,CUST0187,2026-06-22,1030.0,Agent/POS
TXN01297,CUST0187,2026-06-10,1090.0,Agent/POS
TXN01298,CUST0187,2026-05-17,1190.0,Bank Transfer
TXN01299,CUST0187,2026-05-02,960.0,Agent/POS
TXN01300,CUST0187,2026-03-31,1220.0,Recharge Card
TXN01301,CUST0187,2026-03-07,1240.0,Mobile App
TXN01302,CUST0187,2026-02-23,900.0,Mobile App
TXN01303,CUST0188,2026-06-28,1040.0,Bank Transfer
TXN01304,CUST0188,2026-06-07,980.0,Bank Transfer
TXN01305,CUST0188,2026-05-06,1000.0,Mobile App
TXN01306,CUST0188,2026-04-24,1030.0,Agent/POS
TXN01307,CUST0189,2026-08-02,380.0,USSD
TXN01308,CUST0189,2026-07-14,330.0,Agent/POS
TXN01309,CUST0189,2026-06-25,310.0,Agent/POS
TXN01310,CUST0189,2026-06-10,270.0,Agent/POS
TXN01311,CUST0189,2026-05-09,300.0,Agent/POS
TXN01312,CUST0189,2026-04-07,260.0,Agent/POS
TXN01313,CUST0189,2026-03-06,270.0,USSD
TXN01314,CUST0189,2026-02-04,270.0,USSD
TXN01315,CUST0189,2026-01-20,360.0,USSD
TXN01316,CUST0190,2026-05-29,3800.0,USSD
TXN01317,CUST0191,2026-08-04,1480.0,USSD
TXN01318,CUST0191,2026-07-25,1620.0,Bank Transfer
TXN01319,CUST0191,2026-07-04,1800.0,USSD
TXN01320,CUST0191,2026-06-07,1700.0,USSD
TXN01321,CUST0191,2026-05-10,1360.0,Bank Transfer
TXN01322,CUST0191,2026-04-19,1390.0,USSD
TXN01323,CUST0191,2026-03-26,1200.0,Bank Transfer
TXN01324,CUST0191,2026-02-19,1790.0,Agent/POS
TXN01325,CUST0191,2026-01-23,1760.0,USSD
TXN01326,CUST0192,2026-07-31,680.0,Mobile App
TXN01327,CUST0192,2026-07-19,1010.0,USSD
TXN01328,CUST0192,2026-07-07,760.0,USSD
TXN01329,CUST0192,2026-06-18,740.0,Bank Transfer
TXN01330,CUST0192,2026-05-27,830.0,Mobile App
TXN01331,CUST0192,2026-04-25,940.0,USSD
TXN01332,CUST0192,2026-03-23,830.0,Mobile App
TXN01333,CUST0192,2026-02-26,880.0,Recharge Card
TXN01334,CUST0193,2026-07-06,610.0,USSD
TXN01335,CUST0193,2026-06-02,410.0,USSD
TXN01336,CUST0193,2026-05-10,490.0,Mobile App
TXN01337,CUST0193,2026-04-12,550.0,Bank Transfer
TXN01338,CUST0193,2026-03-31,530.0,Mobile App
TXN01339,CUST0193,2026-03-17,410.0,USSD
TXN01340,CUST0194,2026-07-30,610.0,USSD
TXN01341,CUST0194,2026-07-18,410.0,Mobile App
TXN01342,CUST0194,2026-06-24,460.0,USSD
TXN01343,CUST0194,2026-05-31,580.0,USSD
TXN01344,CUST0194,2026-04-30,550.0,USSD
TXN01345,CUST0194,2026-04-04,440.0,Mobile App
TXN01346,CUST0194,2026-03-14,600.0,Mobile App
TXN01347,CUST0194,2026-02-28,590.0,USSD
TXN01348,CUST0194,2026-01-25,590.0,USSD
TXN01349,CUST0195,2026-07-14,1260.0,Mobile App
TXN01350,CUST0195,2026-06-10,830.0,USSD
TXN01351,CUST0195,2026-05-27,1210.0,Agent/POS
TXN01352,CUST0195,2026-05-04,1190.0,USSD
TXN01353,CUST0195,2026-04-08,970.0,USSD
TXN01354,CUST0195,2026-03-28,1280.0,Agent/POS
TXN01355,CUST0196,2026-04-10,550.0,Agent/POS
TXN01356,CUST0197,2026-08-10,1910.0,Bank Transfer
TXN01357,CUST0197,2026-07-26,1750.0,USSD
TXN01358,CUST0197,2026-07-11,1410.0,Recharge Card
TXN01359,CUST0197,2026-06-21,1210.0,Agent/POS
TXN01360,CUST0197,2026-05-20,1730.0,Agent/POS
TXN01361,CUST0197,2026-05-03,1940.0,Mobile App
TXN01362,CUST0197,2026-04-12,1450.0,USSD
TXN01363,CUST0197,2026-03-17,1530.0,USSD
TXN01364,CUST0198,2026-08-17,3040.0,USSD
TXN01365,CUST0198,2026-07-30,2370.0,Recharge Card
TXN01366,CUST0198,2026-07-14,1990.0,USSD
TXN01367,CUST0198,2026-06-14,2120.0,Agent/POS
TXN01368,CUST0198,2026-05-18,2100.0,Recharge Card
TXN01369,CUST0198,2026-04-30,2460.0,Mobile App
TXN01370,CUST0198,2026-04-16,2220.0,Mobile App
TXN01371,CUST0198,2026-03-17,2710.0,Agent/POS
TXN01372,CUST0198,2026-02-26,2820.0,Agent/POS
TXN01373,CUST0198,2026-01-28,3010.0,Bank Transfer
TXN01374,CUST0199,2026-07-17,240.0,USSD
TXN01375,CUST0199,2026-06-21,340.0,Mobile App
TXN01376,CUST0199,2026-05-22,300.0,Bank Transfer
TXN01377,CUST0199,2026-05-07,370.0,Bank Transfer
TXN01378,CUST0199,2026-04-09,290.0,Agent/POS
TXN01379,CUST0199,2026-03-12,280.0,USSD
TXN01380,CUST0200,2026-08-14,510.0,Bank Transfer
TXN01381,CUST0200,2026-07-14,430.0,Agent/POS
TXN01382,CUST0200,2026-06-15,530.0,USSD
TXN01383,CUST0200,2026-05-13,520.0,USSD
TXN01384,CUST0200,2026-04-14,550.0,Mobile App
TXN01385,CUST0200,2026-03-25,440.0,USSD
TXN01386,CUST0200,2026-02-25,540.0,Bank Transfer
TXN01387,CUST0200,2026-02-14,490.0,Agent/POS
TXN01388,CUST0201,2026-07-17,4840.0,Agent/POS
TXN01389,CUST0201,2026-07-06,4510.0,Bank Transfer
TXN01390,CUST0202,2026-07-30,400.0,Bank Transfer
TXN01391,CUST0202,2026-07-14,600.0,USSD
TXN01392,CUST0202,2026-06-10,540.0,Mobile App
TXN01393,CUST0202,2026-05-13,430.0,Recharge Card
TXN01394,CUST0202,2026-04-20,450.0,USSD
TXN01395,CUST0202,2026-03-22,550.0,Agent/POS
TXN01396,CUST0202,2026-02-20,410.0,Agent/POS
TXN01397,CUST0202,2026-02-10,530.0,USSD
TXN01398,CUST0202,2026-01-16,440.0,Agent/POS
TXN01399,CUST0203,2026-08-10,4840.0,Recharge Card
TXN01400,CUST0203,2026-07-11,3720.0,Recharge Card
TXN01401,CUST0203,2026-06-22,4060.0,Mobile App
TXN01402,CUST0203,2026-05-28,3300.0,USSD
TXN01403,CUST0203,2026-05-11,4580.0,Mobile App
TXN01404,CUST0203,2026-04-06,3650.0,Agent/POS
TXN01405,CUST0203,2026-03-02,3710.0,Agent/POS
TXN01406,CUST0203,2026-01-30,3920.0,Bank Transfer
TXN01407,CUST0203,2026-01-08,4840.0,Mobile App
TXN01408,CUST0204,2026-08-05,600.0,Mobile App
TXN01409,CUST0204,2026-07-13,450.0,USSD
TXN01410,CUST0204,2026-06-18,520.0,Mobile App
TXN01411,CUST0204,2026-05-25,610.0,USSD
TXN01412,CUST0204,2026-05-09,500.0,Bank Transfer
TXN01413,CUST0204,2026-04-19,610.0,Mobile App
TXN01414,CUST0204,2026-03-21,510.0,Mobile App
TXN01415,CUST0204,2026-03-07,630.0,USSD
TXN01416,CUST0205,2026-05-06,1070.0,USSD
TXN01417,CUST0205,2026-04-03,1040.0,Mobile App
TXN01418,CUST0206,2026-08-07,2060.0,Agent/POS
TXN01419,CUST0206,2026-07-24,1850.0,USSD
TXN01420,CUST0206,2026-06-20,1610.0,USSD
TXN01421,CUST0206,2026-05-30,1770.0,Recharge Card
TXN01422,CUST0206,2026-05-04,1810.0,USSD
TXN01423,CUST0206,2026-04-07,1560.0,Agent/POS
TXN01424,CUST0206,2026-03-25,1600.0,Bank Transfer
TXN01425,CUST0206,2026-03-05,1930.0,Agent/POS
TXN01426,CUST0206,2026-02-16,1580.0,USSD
TXN01427,CUST0206,2026-01-23,1360.0,Mobile App
TXN01428,CUST0206,2026-01-10,1610.0,Agent/POS
TXN01429,CUST0207,2026-07-05,300.0,USSD
TXN01430,CUST0207,2026-06-18,260.0,Bank Transfer
TXN01431,CUST0207,2026-06-04,250.0,Mobile App
TXN01432,CUST0207,2026-05-22,270.0,Bank Transfer
TXN01433,CUST0208,2026-08-10,530.0,Agent/POS
TXN01434,CUST0208,2026-07-19,640.0,USSD
TXN01435,CUST0208,2026-06-20,620.0,Recharge Card
TXN01436,CUST0208,2026-05-28,630.0,Agent/POS
TXN01437,CUST0208,2026-05-11,560.0,Mobile App
TXN01438,CUST0208,2026-04-26,590.0,Agent/POS
TXN01439,CUST0209,2026-07-01,580.0,Bank Transfer
TXN01440,CUST0209,2026-05-29,440.0,Bank Transfer
TXN01441,CUST0209,2026-05-09,540.0,Bank Transfer
TXN01442,CUST0209,2026-04-23,510.0,Mobile App
TXN01443,CUST0210,2026-04-13,610.0,Mobile App
TXN01444,CUST0211,2026-08-05,540.0,Mobile App
TXN01445,CUST0211,2026-07-11,410.0,USSD
TXN01446,CUST0211,2026-06-22,400.0,Recharge Card
TXN01447,CUST0211,2026-05-28,640.0,Mobile App
TXN01448,CUST0211,2026-05-18,580.0,Mobile App
TXN01449,CUST0211,2026-05-06,570.0,Bank Transfer
TXN01450,CUST0211,2026-04-14,640.0,Mobile App
TXN01451,CUST0211,2026-03-19,600.0,USSD
TXN01452,CUST0211,2026-02-23,650.0,USSD
TXN01453,CUST0211,2026-02-06,550.0,Agent/POS
TXN01454,CUST0211,2026-01-21,570.0,USSD
TXN01455,CUST0212,2026-05-10,330.0,USSD
TXN01456,CUST0213,2026-07-31,1010.0,USSD
TXN01457,CUST0213,2026-07-01,890.0,Mobile App
TXN01458,CUST0213,2026-05-31,1180.0,Bank Transfer
TXN01459,CUST0213,2026-05-06,840.0,Mobile App
TXN01460,CUST0213,2026-04-17,850.0,USSD
TXN01461,CUST0213,2026-03-21,1130.0,Agent/POS
TXN01462,CUST0213,2026-03-11,880.0,USSD
TXN01463,CUST0213,2026-02-26,810.0,Bank Transfer
TXN01464,CUST0213,2026-02-03,1290.0,USSD
TXN01465,CUST0213,2026-01-20,920.0,Bank Transfer
TXN01466,CUST0213,2026-01-02,1260.0,Mobile App
TXN01467,CUST0214,2026-08-08,520.0,Mobile App
TXN01468,CUST0214,2026-07-28,390.0,Agent/POS
TXN01469,CUST0214,2026-07-06,390.0,Agent/POS
TXN01470,CUST0214,2026-06-25,460.0,USSD
TXN01471,CUST0214,2026-05-28,530.0,Mobile App
TXN01472,CUST0214,2026-05-01,620.0,Agent/POS
TXN01473,CUST0214,2026-04-15,450.0,Agent/POS
TXN01474,CUST0214,2026-03-25,450.0,Bank Transfer
TXN01475,CUST0214,2026-02-26,470.0,Agent/POS
TXN01476,CUST0214,2026-02-07,400.0,Mobile App
TXN01477,CUST0214,2026-01-26,580.0,Bank Transfer
TXN01478,CUST0214,2026-01-04,440.0,USSD
TXN01479,CUST0215,2026-07-05,2120.0,Mobile App
TXN01480,CUST0215,2026-06-01,2420.0,Bank Transfer
TXN01481,CUST0215,2026-05-05,2100.0,USSD
TXN01482,CUST0215,2026-04-17,2940.0,USSD
TXN01483,CUST0215,2026-03-19,2620.0,Mobile App
TXN01484,CUST0215,2026-02-16,2420.0,Mobile App
TXN01485,CUST0216,2026-08-15,330.0,Bank Transfer
TXN01486,CUST0216,2026-08-02,350.0,USSD
TXN01487,CUST0216,2026-07-11,260.0,USSD
TXN01488,CUST0216,2026-06-20,290.0,Mobile App
TXN01489,CUST0216,2026-05-16,340.0,USSD
TXN01490,CUST0216,2026-04-26,250.0,Mobile App
TXN01491,CUST0216,2026-03-30,340.0,USSD
TXN01492,CUST0217,2026-08-15,620.0,Bank Transfer
TXN01493,CUST0217,2026-07-30,470.0,USSD
TXN01494,CUST0217,2026-07-01,500.0,USSD
TXN01495,CUST0217,2026-06-05,570.0,Bank Transfer
TXN01496,CUST0217,2026-05-14,570.0,Bank Transfer
TXN01497,CUST0217,2026-04-18,500.0,USSD
TXN01498,CUST0217,2026-04-07,580.0,Mobile App
TXN01499,CUST0217,2026-03-27,570.0,USSD
TXN01500,CUST0217,2026-03-16,420.0,Recharge Card
TXN01501,CUST0217,2026-03-02,440.0,Recharge Card
TXN01502,CUST0217,2026-01-29,640.0,Agent/POS
TXN01503,CUST0218,2026-07-04,1230.0,USSD
TXN01504,CUST0218,2026-06-08,1030.0,Agent/POS
TXN01505,CUST0218,2026-05-15,1010.0,Mobile App
TXN01506,CUST0218,2026-05-01,970.0,Agent/POS
TXN01507,CUST0219,2026-05-05,630.0,Agent/POS
TXN01508,CUST0220,2026-07-09,1190.0,USSD
TXN01509,CUST0220,2026-06-24,1210.0,USSD
TXN01510,CUST0220,2026-06-02,1240.0,Recharge Card
TXN01511,CUST0220,2026-05-04,950.0,USSD
TXN01512,CUST0220,2026-04-01,1180.0,USSD
TXN01513,CUST0220,2026-03-13,1230.0,USSD
TXN01514,CUST0221,2026-08-03,6370.0,Bank Transfer
TXN01515,CUST0221,2026-07-08,5390.0,Agent/POS
TXN01516,CUST0221,2026-06-11,6140.0,Agent/POS
TXN01517,CUST0221,2026-05-17,6390.0,Agent/POS
TXN01518,CUST0221,2026-04-15,5680.0,USSD
TXN01519,CUST0221,2026-03-18,6630.0,USSD
TXN01520,CUST0221,2026-02-27,6420.0,USSD
TXN01521,CUST0221,2026-02-02,6230.0,Agent/POS
TXN01522,CUST0221,2026-01-23,5090.0,USSD
TXN01523,CUST0221,2026-01-02,4850.0,Agent/POS
TXN01524,CUST0222,2026-07-06,350.0,Mobile App
TXN01525,CUST0222,2026-06-08,310.0,Recharge Card
TXN01526,CUST0223,2026-07-30,1290.0,USSD
TXN01527,CUST0223,2026-07-20,1490.0,USSD
TXN01528,CUST0223,2026-06-21,1790.0,Mobile App
TXN01529,CUST0223,2026-05-27,1720.0,USSD
TXN01530,CUST0223,2026-05-09,1520.0,Agent/POS
TXN01531,CUST0223,2026-04-09,2050.0,USSD
TXN01532,CUST0223,2026-03-05,1990.0,Agent/POS
TXN01533,CUST0223,2026-01-30,1730.0,Mobile App
TXN01534,CUST0223,2026-01-02,1340.0,USSD
TXN01535,CUST0224,2026-08-18,630.0,Mobile App
TXN01536,CUST0224,2026-07-21,440.0,Agent/POS
TXN01537,CUST0224,2026-06-26,470.0,Agent/POS
TXN01538,CUST0224,2026-06-11,570.0,Bank Transfer
TXN01539,CUST0224,2026-05-16,600.0,Agent/POS
TXN01540,CUST0224,2026-04-16,570.0,Recharge Card
TXN01541,CUST0224,2026-03-14,470.0,USSD
TXN01542,CUST0224,2026-02-13,470.0,USSD
TXN01543,CUST0224,2026-01-10,570.0,Agent/POS
TXN01544,CUST0225,2026-08-15,350.0,Mobile App
TXN01545,CUST0225,2026-07-15,340.0,Agent/POS
TXN01546,CUST0225,2026-06-28,290.0,USSD
TXN01547,CUST0225,2026-06-17,250.0,Bank Transfer
TXN01548,CUST0225,2026-05-20,380.0,Agent/POS
TXN01549,CUST0225,2026-04-18,260.0,Mobile App
TXN01550,CUST0225,2026-04-05,350.0,Agent/POS
TXN01551,CUST0225,2026-03-20,260.0,USSD
TXN01552,CUST0225,2026-03-10,350.0,Mobile App
TXN01553,CUST0225,2026-02-14,280.0,USSD
TXN01554,CUST0225,2026-01-25,320.0,Bank Transfer
TXN01555,CUST0225,2026-01-02,380.0,Agent/POS
TXN01556,CUST0226,2026-08-06,320.0,Mobile App
TXN01557,CUST0226,2026-07-05,330.0,Mobile App
TXN01558,CUST0226,2026-06-19,280.0,USSD
TXN01559,CUST0226,2026-05-27,290.0,USSD
TXN01560,CUST0226,2026-05-01,270.0,Recharge Card
TXN01561,CUST0226,2026-03-28,310.0,Agent/POS
TXN01562,CUST0226,2026-02-27,370.0,Recharge Card
TXN01563,CUST0226,2026-02-02,330.0,Bank Transfer
TXN01564,CUST0227,2026-08-15,800.0,Agent/POS
TXN01565,CUST0227,2026-07-20,910.0,Mobile App
TXN01566,CUST0227,2026-07-04,690.0,Agent/POS
TXN01567,CUST0227,2026-06-07,690.0,Agent/POS
TXN01568,CUST0227,2026-05-18,920.0,Agent/POS
TXN01569,CUST0227,2026-04-17,940.0,Bank Transfer
TXN01570,CUST0228,2026-08-03,1660.0,USSD
TXN01571,CUST0228,2026-07-12,1220.0,USSD
TXN01572,CUST0228,2026-06-22,1530.0,Agent/POS
TXN01573,CUST0228,2026-06-07,1840.0,USSD
TXN01574,CUST0228,2026-05-14,1290.0,Recharge Card
TXN01575,CUST0228,2026-04-17,1280.0,Mobile App
TXN01576,CUST0228,2026-03-28,1640.0,Agent/POS
TXN01577,CUST0228,2026-03-01,1260.0,USSD
TXN01578,CUST0228,2026-02-08,1280.0,Agent/POS
TXN01579,CUST0228,2026-01-08,1610.0,USSD
TXN01580,CUST0229,2026-07-31,1230.0,Mobile App
TXN01581,CUST0229,2026-07-06,1720.0,USSD
TXN01582,CUST0229,2026-06-20,1430.0,Agent/POS
TXN01583,CUST0229,2026-06-03,1870.0,Bank Transfer
TXN01584,CUST0229,2026-05-16,1640.0,Agent/POS
TXN01585,CUST0229,2026-04-19,1470.0,Agent/POS
TXN01586,CUST0229,2026-03-31,1550.0,USSD
TXN01587,CUST0229,2026-03-14,1730.0,Agent/POS
TXN01588,CUST0229,2026-02-23,1470.0,Bank Transfer
TXN01589,CUST0229,2026-01-20,1220.0,Mobile App
TXN01590,CUST0230,2026-08-13,1730.0,Mobile App
TXN01591,CUST0230,2026-07-12,1710.0,Mobile App
TXN01592,CUST0230,2026-06-10,1770.0,Mobile App
TXN01593,CUST0230,2026-05-16,1510.0,Recharge Card
TXN01594,CUST0230,2026-04-26,1390.0,USSD
TXN01595,CUST0230,2026-04-01,1640.0,Recharge Card
TXN01596,CUST0230,2026-03-11,1480.0,USSD
TXN01597,CUST0230,2026-02-12,1450.0,Mobile App
TXN01598,CUST0230,2026-01-08,1320.0,Agent/POS
TXN01599,CUST0231,2026-05-10,980.0,Mobile App
TXN01600,CUST0231,2026-04-27,860.0,Bank Transfer
TXN01601,CUST0232,2026-08-07,560.0,Mobile App
TXN01602,CUST0232,2026-07-16,560.0,USSD
TXN01603,CUST0232,2026-06-25,600.0,Recharge Card
TXN01604,CUST0232,2026-05-22,560.0,Recharge Card
TXN01605,CUST0232,2026-04-17,440.0,Mobile App
TXN01606,CUST0232,2026-04-03,550.0,Agent/POS
TXN01607,CUST0232,2026-03-15,500.0,Mobile App
TXN01608,CUST0232,2026-03-04,430.0,Mobile App
TXN01609,CUST0232,2026-02-13,440.0,Agent/POS
TXN01610,CUST0232,2026-01-12,450.0,USSD
TXN01611,CUST0233,2026-08-04,1240.0,Agent/POS
TXN01612,CUST0233,2026-07-19,970.0,Bank Transfer
TXN01613,CUST0233,2026-07-03,1070.0,USSD
TXN01614,CUST0233,2026-06-06,1080.0,Bank Transfer
TXN01615,CUST0233,2026-05-19,1000.0,USSD
TXN01616,CUST0233,2026-04-22,870.0,USSD
TXN01617,CUST0233,2026-03-21,1020.0,Agent/POS
TXN01618,CUST0233,2026-03-03,840.0,Recharge Card
TXN01619,CUST0233,2026-02-17,1180.0,Agent/POS
TXN01620,CUST0233,2026-02-04,1210.0,USSD
TXN01621,CUST0234,2026-08-12,1940.0,Agent/POS
TXN01622,CUST0234,2026-08-01,1500.0,Recharge Card
TXN01623,CUST0234,2026-07-01,1380.0,Bank Transfer
TXN01624,CUST0234,2026-06-05,2060.0,USSD
TXN01625,CUST0234,2026-05-19,1860.0,USSD
TXN01626,CUST0234,2026-04-19,1600.0,Mobile App
TXN01627,CUST0234,2026-04-02,1740.0,Recharge Card
TXN01628,CUST0234,2026-03-22,1820.0,Mobile App
TXN01629,CUST0234,2026-03-09,1930.0,Recharge Card
TXN01630,CUST0235,2026-08-09,4720.0,Bank Transfer
TXN01631,CUST0235,2026-07-08,5260.0,USSD
TXN01632,CUST0235,2026-06-13,5710.0,Agent/POS
TXN01633,CUST0235,2026-05-31,5550.0,USSD
TXN01634,CUST0235,2026-04-30,6160.0,Bank Transfer
TXN01635,CUST0235,2026-03-27,5550.0,USSD
TXN01636,CUST0235,2026-03-13,5720.0,USSD
TXN01637,CUST0235,2026-03-03,6780.0,Bank Transfer
TXN01638,CUST0235,2026-02-04,6130.0,Mobile App
TXN01639,CUST0235,2026-01-20,6720.0,Agent/POS
TXN01640,CUST0236,2026-07-04,1910.0,Agent/POS
TXN01641,CUST0236,2026-06-04,1610.0,Recharge Card
TXN01642,CUST0236,2026-05-19,1710.0,Agent/POS
TXN01643,CUST0236,2026-04-15,1460.0,Agent/POS
TXN01644,CUST0236,2026-03-27,1740.0,USSD
TXN01645,CUST0237,2026-08-10,1890.0,Agent/POS
TXN01646,CUST0237,2026-07-11,1460.0,Agent/POS
TXN01647,CUST0237,2026-06-30,1340.0,Mobile App
TXN01648,CUST0237,2026-05-27,1410.0,USSD
TXN01649,CUST0237,2026-05-15,1440.0,Mobile App
TXN01650,CUST0237,2026-04-15,1320.0,Mobile App
TXN01651,CUST0237,2026-03-18,1690.0,Mobile App
TXN01652,CUST0237,2026-03-01,1590.0,Bank Transfer
TXN01653,CUST0237,2026-02-02,1400.0,Mobile App
TXN01654,CUST0238,2026-08-14,520.0,Agent/POS
TXN01655,CUST0238,2026-07-22,590.0,Agent/POS
TXN01656,CUST0238,2026-07-07,610.0,USSD
TXN01657,CUST0238,2026-06-26,410.0,USSD
TXN01658,CUST0238,2026-06-04,430.0,Agent/POS
TXN01659,CUST0238,2026-04-30,540.0,USSD
TXN01660,CUST0239,2026-05-23,1420.0,USSD
TXN01661,CUST0239,2026-04-20,1330.0,USSD
TXN01662,CUST0239,2026-04-01,1290.0,Mobile App
TXN01663,CUST0240,2026-08-19,650.0,Agent/POS
TXN01664,CUST0240,2026-07-31,640.0,USSD
TXN01665,CUST0240,2026-07-03,500.0,Agent/POS
TXN01666,CUST0240,2026-06-04,420.0,USSD
TXN01667,CUST0240,2026-05-22,570.0,Agent/POS
TXN01668,CUST0240,2026-05-02,500.0,Mobile App
TXN01669,CUST0241,2026-08-05,290.0,USSD
TXN01670,CUST0241,2026-07-06,250.0,Recharge Card
TXN01671,CUST0241,2026-06-09,330.0,Agent/POS
TXN01672,CUST0241,2026-05-14,290.0,Mobile App
TXN01673,CUST0241,2026-04-19,280.0,USSD
TXN01674,CUST0241,2026-04-05,270.0,Agent/POS
TXN01675,CUST0241,2026-03-10,340.0,Agent/POS
TXN01676,CUST0241,2026-02-14,310.0,Recharge Card
TXN01677,CUST0241,2026-01-27,250.0,USSD
TXN01678,CUST0241,2026-01-11,290.0,Agent/POS
TXN01679,CUST0242,2026-05-04,620.0,Bank Transfer
TXN01680,CUST0243,2026-08-05,800.0,Recharge Card
TXN01681,CUST0243,2026-07-06,710.0,Agent/POS
TXN01682,CUST0243,2026-06-18,770.0,Agent/POS
TXN01683,CUST0243,2026-05-17,810.0,Agent/POS
TXN01684,CUST0243,2026-05-02,970.0,Bank Transfer
TXN01685,CUST0243,2026-04-22,990.0,USSD
TXN01686,CUST0243,2026-03-20,920.0,USSD
TXN01687,CUST0243,2026-02-28,810.0,Agent/POS
TXN01688,CUST0244,2026-08-01,1300.0,USSD
TXN01689,CUST0244,2026-07-01,1140.0,Mobile App
TXN01690,CUST0244,2026-05-28,870.0,USSD
TXN01691,CUST0244,2026-05-12,1270.0,Bank Transfer
TXN01692,CUST0244,2026-04-27,1250.0,Recharge Card
TXN01693,CUST0244,2026-03-29,900.0,Mobile App
TXN01694,CUST0244,2026-02-27,1130.0,Mobile App
TXN01695,CUST0244,2026-02-05,1010.0,Mobile App
TXN01696,CUST0244,2026-01-13,1100.0,Agent/POS
TXN01697,CUST0245,2026-08-17,1720.0,Agent/POS
TXN01698,CUST0245,2026-07-26,1450.0,Agent/POS
TXN01699,CUST0245,2026-06-25,1300.0,Mobile App
TXN01700,CUST0245,2026-06-12,1900.0,Agent/POS
TXN01701,CUST0245,2026-05-28,1490.0,Agent/POS
TXN01702,CUST0245,2026-05-14,1730.0,Agent/POS
TXN01703,CUST0245,2026-04-19,1870.0,Agent/POS
TXN01704,CUST0245,2026-03-30,1670.0,USSD
TXN01705,CUST0245,2026-03-13,1490.0,Mobile App
TXN01706,CUST0245,2026-03-03,1760.0,Mobile App
TXN01707,CUST0245,2026-02-13,1510.0,USSD
TXN01708,CUST0246,2026-08-12,580.0,USSD
TXN01709,CUST0246,2026-07-19,550.0,Recharge Card
TXN01710,CUST0246,2026-06-15,440.0,Mobile App
TXN01711,CUST0246,2026-05-28,420.0,Agent/POS
TXN01712,CUST0246,2026-05-08,540.0,Mobile App
TXN01713,CUST0246,2026-04-19,530.0,Bank Transfer
TXN01714,CUST0246,2026-03-22,450.0,USSD
TXN01715,CUST0246,2026-02-17,620.0,Agent/POS
TXN01716,CUST0246,2026-01-20,620.0,Agent/POS
TXN01717,CUST0246,2026-01-10,600.0,Mobile App
TXN01718,CUST0247,2026-06-27,2720.0,USSD
TXN01719,CUST0247,2026-06-10,2340.0,USSD
TXN01720,CUST0247,2026-05-30,2310.0,Mobile App
TXN01721,CUST0247,2026-04-29,2690.0,Agent/POS
TXN01722,CUST0248,2026-08-05,840.0,USSD
TXN01723,CUST0248,2026-07-17,890.0,Mobile App
TXN01724,CUST0248,2026-07-02,910.0,USSD
TXN01725,CUST0248,2026-06-10,1000.0,Bank Transfer
TXN01726,CUST0248,2026-05-10,810.0,Agent/POS
TXN01727,CUST0248,2026-04-14,1130.0,Agent/POS
TXN01728,CUST0248,2026-03-13,1270.0,USSD
TXN01729,CUST0249,2026-08-16,2570.0,Agent/POS
TXN01730,CUST0249,2026-07-17,2830.0,Agent/POS
TXN01731,CUST0249,2026-06-28,3160.0,Recharge Card
TXN01732,CUST0249,2026-06-07,2900.0,USSD
TXN01733,CUST0249,2026-05-09,3100.0,USSD
TXN01734,CUST0249,2026-04-22,2290.0,Bank Transfer
TXN01735,CUST0249,2026-04-05,2320.0,USSD
TXN01736,CUST0249,2026-03-22,2170.0,Bank Transfer
TXN01737,CUST0249,2026-02-25,2630.0,Agent/POS
TXN01738,CUST0249,2026-02-11,2300.0,Agent/POS
TXN01739,CUST0250,2026-06-26,800.0,USSD
TXN01740,CUST0250,2026-05-28,1030.0,Agent/POS
TXN01741,CUST0250,2026-05-07,1010.0,Mobile App
TXN01742,CUST0250,2026-04-14,950.0,Agent/POS
TXN01743,CUST0250,2026-03-13,920.0,Recharge Card
TXN01744,CUST0251,2026-08-04,340.0,Agent/POS
TXN01745,CUST0251,2026-07-01,330.0,USSD
TXN01746,CUST0251,2026-06-04,320.0,Mobile App
TXN01747,CUST0251,2026-04-30,300.0,Agent/POS
TXN01748,CUST0251,2026-03-30,350.0,USSD
TXN01749,CUST0251,2026-03-14,300.0,USSD
TXN01750,CUST0251,2026-02-08,270.0,Agent/POS
TXN01751,CUST0251,2026-01-22,380.0,Mobile App
TXN01752,CUST0252,2026-07-03,3060.0,USSD
TXN01753,CUST0252,2026-06-01,3200.0,Mobile App
TXN01754,CUST0252,2026-05-11,2420.0,USSD
TXN01755,CUST0252,2026-04-29,2610.0,USSD
TXN01756,CUST0252,2026-04-01,2310.0,Mobile App
TXN01757,CUST0253,2026-07-18,2380.0,Bank Transfer
TXN01758,CUST0253,2026-06-21,3070.0,Agent/POS
TXN01759,CUST0254,2026-08-13,1270.0,Agent/POS
TXN01760,CUST0254,2026-07-16,970.0,Mobile App
TXN01761,CUST0254,2026-06-19,1120.0,Mobile App
TXN01762,CUST0254,2026-06-05,860.0,Mobile App
TXN01763,CUST0254,2026-05-21,1200.0,Bank Transfer
TXN01764,CUST0254,2026-05-01,870.0,Recharge Card
TXN01765,CUST0254,2026-04-05,960.0,Agent/POS
TXN01766,CUST0254,2026-03-12,1180.0,Bank Transfer
TXN01767,CUST0254,2026-02-27,1270.0,Mobile App
TXN01768,CUST0254,2026-01-27,1230.0,USSD
TXN01769,CUST0254,2026-01-11,1150.0,Agent/POS
TXN01770,CUST0255,2026-07-03,620.0,USSD
TXN01771,CUST0255,2026-06-09,410.0,Agent/POS
TXN01772,CUST0256,2026-08-05,1490.0,USSD
TXN01773,CUST0256,2026-07-22,1830.0,Agent/POS
TXN01774,CUST0256,2026-06-26,1340.0,Agent/POS
TXN01775,CUST0256,2026-06-03,1580.0,Agent/POS
TXN01776,CUST0256,2026-05-10,1550.0,Bank Transfer
TXN01777,CUST0256,2026-04-12,1820.0,Agent/POS
TXN01778,CUST0257,2026-08-02,2730.0,Agent/POS
TXN01779,CUST0257,2026-07-09,2360.0,Bank Transfer
TXN01780,CUST0257,2026-06-08,2790.0,USSD
TXN01781,CUST0257,2026-05-04,2410.0,Bank Transfer
TXN01782,CUST0257,2026-04-15,1980.0,Recharge Card
TXN01783,CUST0257,2026-03-13,2730.0,Agent/POS
TXN01784,CUST0258,2026-08-07,640.0,USSD
TXN01785,CUST0258,2026-07-20,590.0,Mobile App
TXN01786,CUST0258,2026-07-10,430.0,USSD
TXN01787,CUST0258,2026-06-07,540.0,Recharge Card
TXN01788,CUST0258,2026-05-22,490.0,Mobile App
TXN01789,CUST0258,2026-04-24,490.0,Agent/POS
TXN01790,CUST0259,2026-08-18,2630.0,Mobile App
TXN01791,CUST0259,2026-07-26,2170.0,Recharge Card
TXN01792,CUST0259,2026-07-05,2310.0,USSD
TXN01793,CUST0259,2026-06-03,2830.0,Agent/POS
TXN01794,CUST0259,2026-05-22,2520.0,Mobile App
TXN01795,CUST0259,2026-04-25,2980.0,USSD
TXN01796,CUST0259,2026-04-14,3030.0,Agent/POS
TXN01797,CUST0260,2026-08-04,930.0,Agent/POS
TXN01798,CUST0260,2026-07-24,1060.0,Mobile App
TXN01799,CUST0260,2026-07-05,1100.0,Recharge Card
TXN01800,CUST0260,2026-06-12,1020.0,Recharge Card
TXN01801,CUST0260,2026-05-28,970.0,USSD
TXN01802,CUST0260,2026-04-24,900.0,Mobile App
TXN01803,CUST0260,2026-04-10,910.0,USSD
TXN01804,CUST0261,2026-04-29,1760.0,USSD
TXN01805,CUST0261,2026-04-07,1290.0,USSD
TXN01806,CUST0261,2026-03-14,1740.0,Recharge Card
TXN01807,CUST0262,2026-08-07,320.0,Mobile App
TXN01808,CUST0262,2026-07-26,300.0,Agent/POS
TXN01809,CUST0262,2026-06-25,350.0,USSD
TXN01810,CUST0262,2026-05-25,250.0,Recharge Card
TXN01811,CUST0262,2026-04-28,270.0,USSD
TXN01812,CUST0262,2026-04-14,270.0,USSD
TXN01813,CUST0262,2026-03-15,300.0,Bank Transfer
TXN01814,CUST0262,2026-02-22,290.0,Mobile App
TXN01815,CUST0262,2026-02-09,340.0,Mobile App
TXN01816,CUST0262,2026-01-25,370.0,Bank Transfer
TXN01817,CUST0263,2026-08-15,1550.0,Recharge Card
TXN01818,CUST0263,2026-07-13,1560.0,Recharge Card
TXN01819,CUST0263,2026-06-26,1770.0,USSD
TXN01820,CUST0263,2026-06-16,1600.0,Recharge Card
TXN01821,CUST0263,2026-05-13,1840.0,USSD
TXN01822,CUST0263,2026-05-03,1730.0,Mobile App
TXN01823,CUST0263,2026-04-14,1210.0,Mobile App
TXN01824,CUST0263,2026-03-21,1380.0,Bank Transfer
TXN01825,CUST0263,2026-02-18,1450.0,Bank Transfer
TXN01826,CUST0263,2026-01-16,1200.0,Mobile App
TXN01827,CUST0264,2026-08-12,420.0,USSD
TXN01828,CUST0264,2026-07-19,540.0,USSD
TXN01829,CUST0264,2026-06-28,500.0,Mobile App
TXN01830,CUST0264,2026-06-14,620.0,Bank Transfer
TXN01831,CUST0264,2026-05-27,520.0,Mobile App
TXN01832,CUST0264,2026-05-11,430.0,Recharge Card
TXN01833,CUST0264,2026-04-08,420.0,USSD
TXN01834,CUST0264,2026-03-05,470.0,Mobile App
TXN01835,CUST0264,2026-02-20,440.0,Agent/POS
TXN01836,CUST0265,2026-08-06,1380.0,USSD
TXN01837,CUST0265,2026-07-08,2010.0,USSD
TXN01838,CUST0265,2026-06-04,1940.0,Agent/POS
TXN01839,CUST0265,2026-05-25,1340.0,Recharge Card
TXN01840,CUST0265,2026-05-08,1480.0,Bank Transfer
TXN01841,CUST0265,2026-04-22,1420.0,Bank Transfer
TXN01842,CUST0266,2026-08-16,1900.0,Recharge Card
TXN01843,CUST0266,2026-07-18,2010.0,Bank Transfer
TXN01844,CUST0266,2026-07-07,1990.0,USSD
TXN01845,CUST0266,2026-06-13,1510.0,USSD
TXN01846,CUST0266,2026-05-15,1580.0,Mobile App
TXN01847,CUST0266,2026-04-14,1720.0,USSD
TXN01848,CUST0266,2026-03-13,1830.0,USSD
TXN01849,CUST0267,2026-08-12,1200.0,Agent/POS
TXN01850,CUST0267,2026-07-10,1120.0,USSD
TXN01851,CUST0267,2026-06-29,1070.0,USSD
TXN01852,CUST0267,2026-06-07,990.0,Mobile App
TXN01853,CUST0267,2026-05-14,820.0,USSD
TXN01854,CUST0267,2026-04-27,1280.0,Recharge Card
TXN01855,CUST0268,2026-08-13,430.0,Mobile App
TXN01856,CUST0268,2026-07-10,610.0,USSD
TXN01857,CUST0268,2026-06-06,570.0,USSD
TXN01858,CUST0268,2026-05-26,620.0,Mobile App
TXN01859,CUST0268,2026-05-12,570.0,Mobile App
TXN01860,CUST0268,2026-04-16,530.0,USSD
TXN01861,CUST0268,2026-03-28,420.0,Recharge Card
TXN01862,CUST0268,2026-03-11,600.0,Bank Transfer
TXN01863,CUST0268,2026-02-06,530.0,Bank Transfer
TXN01864,CUST0268,2026-01-09,400.0,Mobile App
TXN01865,CUST0269,2026-08-12,980.0,USSD
TXN01866,CUST0269,2026-07-24,1100.0,Bank Transfer
TXN01867,CUST0269,2026-07-10,990.0,USSD
TXN01868,CUST0269,2026-06-09,900.0,USSD
TXN01869,CUST0269,2026-05-14,950.0,Agent/POS
TXN01870,CUST0269,2026-04-27,1100.0,Agent/POS
TXN01871,CUST0269,2026-04-04,980.0,Bank Transfer
TXN01872,CUST0269,2026-03-16,900.0,Mobile App
TXN01873,CUST0269,2026-02-26,1200.0,USSD
TXN01874,CUST0269,2026-02-15,850.0,Bank Transfer
TXN01875,CUST0269,2026-01-19,970.0,Agent/POS
TXN01876,CUST0270,2026-07-30,960.0,USSD
TXN01877,CUST0270,2026-06-29,1100.0,USSD
TXN01878,CUST0270,2026-06-06,990.0,USSD
TXN01879,CUST0270,2026-05-10,870.0,USSD
TXN01880,CUST0270,2026-04-15,840.0,Bank Transfer
TXN01881,CUST0270,2026-04-04,800.0,Mobile App
TXN01882,CUST0270,2026-03-14,860.0,Mobile App
TXN01883,CUST0270,2026-02-12,1260.0,USSD
TXN01884,CUST0271,2026-04-09,590.0,Agent/POS
TXN01885,CUST0271,2026-03-20,620.0,Agent/POS
TXN01886,CUST0271,2026-02-16,530.0,USSD
TXN01887,CUST0272,2026-08-06,2410.0,Mobile App
TXN01888,CUST0272,2026-07-23,2950.0,Mobile App
TXN01889,CUST0272,2026-07-04,3190.0,Agent/POS
TXN01890,CUST0272,2026-06-12,2750.0,Bank Transfer
TXN01891,CUST0272,2026-05-28,2060.0,USSD
TXN01892,CUST0272,2026-04-24,2580.0,USSD
TXN01893,CUST0272,2026-03-28,2930.0,Bank Transfer
TXN01894,CUST0272,2026-03-03,2530.0,Mobile App
TXN01895,CUST0272,2026-02-14,3200.0,Mobile App
TXN01896,CUST0272,2026-01-28,2610.0,Mobile App
TXN01897,CUST0272,2026-01-09,3140.0,Agent/POS
TXN01898,CUST0273,2026-07-05,1460.0,Mobile App
TXN01899,CUST0273,2026-06-24,1840.0,Mobile App
TXN01900,CUST0273,2026-05-28,1800.0,Recharge Card
TXN01901,CUST0274,2026-08-06,1800.0,Bank Transfer
TXN01902,CUST0274,2026-07-10,1500.0,USSD
TXN01903,CUST0274,2026-06-14,1500.0,Agent/POS
TXN01904,CUST0274,2026-05-31,1540.0,Agent/POS
TXN01905,CUST0274,2026-05-09,1470.0,Agent/POS
TXN01906,CUST0274,2026-04-22,1340.0,Agent/POS
TXN01907,CUST0274,2026-04-04,1610.0,USSD
TXN01908,CUST0274,2026-03-19,1420.0,Agent/POS
TXN01909,CUST0274,2026-02-27,1560.0,USSD
TXN01910,CUST0274,2026-01-28,1930.0,Agent/POS
TXN01911,CUST0274,2026-01-16,1920.0,Mobile App
TXN01912,CUST0275,2026-08-17,2660.0,Agent/POS
TXN01913,CUST0275,2026-07-21,2320.0,Mobile App
TXN01914,CUST0275,2026-06-18,2150.0,USSD
TXN01915,CUST0275,2026-06-02,2000.0,USSD
TXN01916,CUST0275,2026-05-22,3220.0,USSD
TXN01917,CUST0275,2026-05-04,2830.0,Bank Transfer
TXN01918,CUST0275,2026-04-12,2690.0,USSD
TXN01919,CUST0275,2026-03-12,2910.0,Agent/POS
TXN01920,CUST0275,2026-02-11,2910.0,Agent/POS
TXN01921,CUST0275,2026-01-13,3220.0,Agent/POS
TXN01922,CUST0275,2026-01-02,2430.0,Agent/POS
TXN01923,CUST0276,2026-08-13,2150.0,Mobile App
TXN01924,CUST0276,2026-07-09,3020.0,Agent/POS
TXN01925,CUST0276,2026-06-05,2490.0,Mobile App
TXN01926,CUST0276,2026-05-08,3070.0,Mobile App
TXN01927,CUST0276,2026-04-05,3090.0,USSD
TXN01928,CUST0276,2026-03-05,2970.0,Bank Transfer
TXN01929,CUST0276,2026-02-06,2230.0,Mobile App
TXN01930,CUST0277,2026-08-04,1600.0,Agent/POS
TXN01931,CUST0277,2026-07-19,1350.0,USSD
TXN01932,CUST0277,2026-06-29,1230.0,Mobile App
TXN01933,CUST0277,2026-06-10,1620.0,Bank Transfer
TXN01934,CUST0277,2026-05-31,1700.0,Mobile App
TXN01935,CUST0277,2026-05-15,1910.0,Agent/POS
TXN01936,CUST0277,2026-04-29,1900.0,Agent/POS
TXN01937,CUST0277,2026-03-27,1390.0,USSD
TXN01938,CUST0277,2026-03-14,1740.0,USSD
TXN01939,CUST0278,2026-08-12,1080.0,Agent/POS
TXN01940,CUST0278,2026-07-11,880.0,Mobile App
TXN01941,CUST0278,2026-06-12,1110.0,Recharge Card
TXN01942,CUST0278,2026-05-11,1160.0,Recharge Card
TXN01943,CUST0278,2026-04-25,1180.0,Agent/POS
TXN01944,CUST0278,2026-04-03,900.0,Agent/POS
TXN01945,CUST0278,2026-03-17,1110.0,Agent/POS
TXN01946,CUST0278,2026-02-18,1040.0,Agent/POS
TXN01947,CUST0278,2026-01-29,970.0,Mobile App
TXN01948,CUST0279,2026-07-30,1340.0,USSD
TXN01949,CUST0279,2026-07-09,1530.0,Agent/POS
TXN01950,CUST0279,2026-06-20,1530.0,USSD
TXN01951,CUST0279,2026-06-02,1620.0,Mobile App
TXN01952,CUST0279,2026-05-12,1900.0,Recharge Card
TXN01953,CUST0279,2026-04-16,1580.0,Mobile App
TXN01954,CUST0279,2026-03-22,1750.0,USSD
TXN01955,CUST0279,2026-02-26,1560.0,Mobile App
TXN01956,CUST0279,2026-02-13,1890.0,USSD
TXN01957,CUST0279,2026-01-09,1610.0,Agent/POS
TXN01958,CUST0280,2026-08-08,390.0,Mobile App
TXN01959,CUST0280,2026-07-19,330.0,USSD
TXN01960,CUST0280,2026-06-26,310.0,Mobile App
TXN01961,CUST0280,2026-06-15,250.0,USSD
TXN01962,CUST0280,2026-05-18,370.0,USSD
TXN01963,CUST0280,2026-05-01,270.0,Mobile App
TXN01964,CUST0280,2026-03-29,360.0,USSD
TXN01965,CUST0280,2026-03-15,330.0,USSD
TXN01966,CUST0280,2026-03-05,250.0,USSD
TXN01967,CUST0281,2026-07-02,250.0,Mobile App
TXN01968,CUST0281,2026-06-04,370.0,USSD
TXN01969,CUST0281,2026-05-07,300.0,USSD
TXN01970,CUST0281,2026-04-04,310.0,Agent/POS
TXN01971,CUST0282,2026-08-10,480.0,USSD
TXN01972,CUST0282,2026-07-27,490.0,USSD
TXN01973,CUST0282,2026-07-11,590.0,Recharge Card
TXN01974,CUST0282,2026-06-21,640.0,Bank Transfer
TXN01975,CUST0282,2026-06-04,550.0,Agent/POS
TXN01976,CUST0282,2026-05-13,470.0,Agent/POS
TXN01977,CUST0282,2026-04-15,510.0,Mobile App
TXN01978,CUST0282,2026-03-29,590.0,USSD
TXN01979,CUST0282,2026-03-04,480.0,Recharge Card
TXN01980,CUST0282,2026-02-05,410.0,Mobile App
TXN01981,CUST0282,2026-01-06,630.0,Agent/POS
TXN01982,CUST0283,2026-08-11,490.0,Bank Transfer
TXN01983,CUST0283,2026-07-08,540.0,Mobile App
TXN01984,CUST0283,2026-06-13,420.0,USSD
TXN01985,CUST0283,2026-05-11,640.0,Mobile App
TXN01986,CUST0283,2026-04-11,550.0,USSD
TXN01987,CUST0283,2026-03-09,570.0,Recharge Card
TXN01988,CUST0283,2026-02-12,540.0,USSD
TXN01989,CUST0283,2026-01-19,550.0,Agent/POS
TXN01990,CUST0283,2026-01-04,500.0,Bank Transfer
TXN01991,CUST0284,2026-08-14,2780.0,USSD
TXN01992,CUST0284,2026-07-31,2390.0,USSD
TXN01993,CUST0284,2026-06-28,3140.0,Agent/POS
TXN01994,CUST0284,2026-06-01,2850.0,Mobile App
TXN01995,CUST0284,2026-05-07,2230.0,Agent/POS
TXN01996,CUST0284,2026-04-22,2590.0,USSD
TXN01997,CUST0284,2026-03-26,2770.0,USSD
TXN01998,CUST0284,2026-02-24,2410.0,Mobile App
TXN01999,CUST0284,2026-02-13,2180.0,Recharge Card
TXN02000,CUST0284,2026-01-18,2260.0,USSD
TXN02001,CUST0284,2026-01-07,2250.0,Agent/POS
TXN02002,CUST0285,2026-08-18,810.0,USSD
TXN02003,CUST0285,2026-07-15,1020.0,Bank Transfer
TXN02004,CUST0285,2026-07-05,1240.0,USSD
TXN02005,CUST0285,2026-06-12,1070.0,Bank Transfer
TXN02006,CUST0285,2026-05-29,990.0,Bank Transfer
TXN02007,CUST0285,2026-04-29,870.0,Recharge Card
TXN02008,CUST0285,2026-04-12,1180.0,Recharge Card
TXN02009,CUST0286,2026-06-27,630.0,USSD
TXN02010,CUST0286,2026-06-13,480.0,Agent/POS
TXN02011,CUST0287,2026-07-13,2260.0,Agent/POS
TXN02012,CUST0287,2026-06-17,2920.0,USSD
TXN02013,CUST0288,2026-08-08,760.0,Recharge Card
TXN02014,CUST0288,2026-07-28,900.0,Agent/POS
TXN02015,CUST0288,2026-06-29,1030.0,Mobile App
TXN02016,CUST0288,2026-05-30,960.0,Mobile App
TXN02017,CUST0288,2026-04-29,990.0,USSD
TXN02018,CUST0288,2026-03-31,1020.0,USSD
TXN02019,CUST0288,2026-03-06,770.0,Agent/POS
TXN02020,CUST0288,2026-02-03,800.0,Agent/POS
TXN02021,CUST0288,2026-01-09,820.0,Agent/POS
TXN02022,CUST0289,2026-08-19,460.0,Mobile App
TXN02023,CUST0289,2026-08-09,420.0,Mobile App
TXN02024,CUST0289,2026-07-14,480.0,USSD
TXN02025,CUST0289,2026-06-11,520.0,Bank Transfer
TXN02026,CUST0289,2026-05-24,420.0,Agent/POS
TXN02027,CUST0289,2026-04-27,540.0,Mobile App
TXN02028,CUST0289,2026-04-08,550.0,Mobile App
TXN02029,CUST0289,2026-03-29,510.0,USSD
TXN02030,CUST0289,2026-03-03,550.0,Agent/POS
TXN02031,CUST0289,2026-01-30,390.0,Mobile App
TXN02032,CUST0290,2026-06-02,530.0,Bank Transfer
TXN02033,CUST0291,2026-07-03,1920.0,Bank Transfer
TXN02034,CUST0291,2026-06-19,1650.0,Mobile App
TXN02035,CUST0292,2026-08-13,4020.0,USSD
TXN02036,CUST0292,2026-07-15,4310.0,Mobile App
TXN02037,CUST0292,2026-06-19,2920.0,Agent/POS
TXN02038,CUST0292,2026-06-01,3530.0,Bank Transfer
TXN02039,CUST0292,2026-05-11,3160.0,Bank Transfer
TXN02040,CUST0292,2026-04-23,3780.0,USSD
TXN02041,CUST0292,2026-03-19,4500.0,Mobile App
TXN02042,CUST0292,2026-02-25,3310.0,Mobile App
TXN02043,CUST0292,2026-02-13,4300.0,Mobile App
TXN02044,CUST0293,2026-08-07,280.0,Agent/POS
TXN02045,CUST0293,2026-07-14,310.0,USSD
TXN02046,CUST0293,2026-06-16,260.0,Mobile App
TXN02047,CUST0293,2026-05-30,380.0,Mobile App
TXN02048,CUST0293,2026-04-28,390.0,Mobile App
TXN02049,CUST0293,2026-04-11,270.0,Bank Transfer
TXN02050,CUST0293,2026-03-23,310.0,Agent/POS
TXN02051,CUST0293,2026-02-20,390.0,USSD
TXN02052,CUST0293,2026-02-08,250.0,Agent/POS
TXN02053,CUST0293,2026-01-09,280.0,USSD
TXN02054,CUST0294,2026-08-17,360.0,USSD
TXN02055,CUST0294,2026-07-26,310.0,Agent/POS
TXN02056,CUST0294,2026-07-04,300.0,USSD
TXN02057,CUST0294,2026-06-12,360.0,USSD
TXN02058,CUST0294,2026-05-16,350.0,Bank Transfer
TXN02059,CUST0294,2026-04-21,300.0,Agent/POS
TXN02060,CUST0295,2026-07-30,620.0,Bank Transfer
TXN02061,CUST0295,2026-07-20,480.0,Agent/POS
TXN02062,CUST0295,2026-06-18,630.0,Recharge Card
TXN02063,CUST0295,2026-06-03,530.0,Mobile App
TXN02064,CUST0295,2026-05-22,470.0,Recharge Card
TXN02065,CUST0295,2026-04-27,440.0,Agent/POS
TXN02066,CUST0296,2026-07-30,500.0,Recharge Card
TXN02067,CUST0296,2026-06-25,410.0,Agent/POS
TXN02068,CUST0296,2026-06-05,420.0,USSD
TXN02069,CUST0296,2026-05-08,510.0,Mobile App
TXN02070,CUST0296,2026-04-25,460.0,Mobile App
TXN02071,CUST0296,2026-03-30,420.0,Mobile App
TXN02072,CUST0296,2026-03-19,640.0,Recharge Card
TXN02073,CUST0296,2026-03-02,480.0,Agent/POS
TXN02074,CUST0296,2026-02-14,630.0,USSD
TXN02075,CUST0296,2026-01-13,600.0,Recharge Card
TXN02076,CUST0297,2026-08-18,380.0,Agent/POS
TXN02077,CUST0297,2026-08-06,240.0,USSD
TXN02078,CUST0297,2026-07-06,310.0,Agent/POS
TXN02079,CUST0297,2026-06-18,350.0,Recharge Card
TXN02080,CUST0297,2026-05-22,280.0,Agent/POS
TXN02081,CUST0297,2026-04-24,320.0,Mobile App
TXN02082,CUST0297,2026-03-24,270.0,Recharge Card
TXN02083,CUST0297,2026-03-13,370.0,Mobile App
TXN02084,CUST0297,2026-02-26,330.0,USSD
TXN02085,CUST0297,2026-02-06,320.0,Agent/POS
TXN02086,CUST0298,2026-08-13,3870.0,Mobile App
TXN02087,CUST0298,2026-07-16,4150.0,USSD
TXN02088,CUST0298,2026-07-02,3470.0,Mobile App
TXN02089,CUST0298,2026-05-29,3560.0,Agent/POS
TXN02090,CUST0298,2026-04-27,3650.0,Agent/POS
TXN02091,CUST0298,2026-04-05,3810.0,Mobile App
TXN02092,CUST0299,2026-07-10,460.0,Mobile App
TXN02093,CUST0299,2026-06-25,470.0,USSD
TXN02094,CUST0300,2026-08-01,1020.0,Recharge Card
TXN02095,CUST0300,2026-07-10,1090.0,Bank Transfer
TXN02096,CUST0300,2026-06-09,870.0,Agent/POS
TXN02097,CUST0300,2026-05-13,1230.0,Agent/POS
TXN02098,CUST0300,2026-04-23,1160.0,Mobile App
TXN02099,CUST0300,2026-04-01,850.0,Mobile App
TXN02100,CUST0300,2026-02-26,1000.0,Bank Transfer
TXN02101,CUST0300,2026-01-24,920.0,Recharge Card
TXN02102,CUST0300,2026-01-10,1280.0,USSD
